Jurisdiction of Occurrence,Week ,All Cause
Alabama,-11,"1,082"
Alabama,-10,"1,127"
Alabama,-9,"1,039"
Alabama,-8,"1,056"
Alabama,-7,"1,026"
Alabama,-6,"1,120"
Alabama,-5,"1,095"
Alabama,-4,"1,098"
Alabama,-3,"1,164"
Alabama,-2,"1,057"
Alabama,-1,"1,091"
Alabama,0,"1,059"
Alabama,1,"1,073"
Alabama,2,"1,156"
Alabama,3,"1,135"
Alabama,4,"1,149"
Alabama,5,"1,139"
Alabama,6,"1,147"
Alabama,7,"1,171"
Alabama,8,"1,148"
Alabama,9,"1,153"
Alabama,10,"1,109"
Alabama,11,"1,173"
Alabama,12,"1,138"
Alabama,13,"1,090"
Alabama,14,"1,151"
Alabama,15,"1,201"
Alabama,16,"1,265"
Alabama,17,"1,289"
Alabama,18,"1,333"
Alabama,19,"1,364"
Alabama,20,"1,379"
Alabama,21,"1,305"
Alabama,22,"1,303"
Alabama,23,"1,216"
Alabama,24,"1,216"
Alabama,25,"1,232"
Alabama,26,"1,200"
Alabama,27,"1,183"
Alabama,28,"1,103"
Alabama,29,"1,204"
Alabama,30,"1,190"
Alabama,31,"1,142"
Alabama,32,"1,169"
Alabama,33,"1,277"
Alabama,34,"1,269"
Alabama,35,"1,275"
Alabama,36,"1,326"
Alabama,37,"1,355"
Alabama,38,"1,598"
Alabama,39,"1,584"
Alabama,40,"1,626"
Alabama,41,"1,801"
Alabama,42,"1,803"
Alabama,43,"1,817"
Alabama,44,"1,778"
Alabama,45,"1,631"
Alabama,46,"1,499"
Alabama,47,"1,415"
Alabama,48,"1,325"
Alabama,49,"1,305"
Alabama,50,"1,147"
Alabama,51,"1,172"
Alabama,52,"1,043"
Alabama,53,"1,174"
Alabama,54,"1,089"
Alabama,55,"1,182"
Alabama,56,"1,143"
Alabama,57,"1,083"
Alabama,58,"1,167"
Alabama,59,"1,117"
Alabama,60,"1,053"
Alabama,61,"1,032"
Alabama,62,989
Alabama,63,927
Alabama,64,831
Alabama,65,602
Alaska,-11,89
Alaska,-10,105
Alaska,-9,99
Alaska,-8,97
Alaska,-7,85
Alaska,-6,92
Alaska,-5,89
Alaska,-4,83
Alaska,-3,84
Alaska,-2,79
Alaska,-1,92
Alaska,0,69
Alaska,1,86
Alaska,2,98
Alaska,3,84
Alaska,4,80
Alaska,5,61
Alaska,6,87
Alaska,7,89
Alaska,8,84
Alaska,9,82
Alaska,10,97
Alaska,11,79
Alaska,12,88
Alaska,13,92
Alaska,14,90
Alaska,15,84
Alaska,16,101
Alaska,17,89
Alaska,18,93
Alaska,19,114
Alaska,20,101
Alaska,21,74
Alaska,22,116
Alaska,23,93
Alaska,24,105
Alaska,25,87
Alaska,26,104
Alaska,27,114
Alaska,28,78
Alaska,29,117
Alaska,30,101
Alaska,31,102
Alaska,32,107
Alaska,33,114
Alaska,34,114
Alaska,35,122
Alaska,36,114
Alaska,37,118
Alaska,38,135
Alaska,39,99
Alaska,40,115
Alaska,41,105
Alaska,42,111
Alaska,43,128
Alaska,44,95
Alaska,45,89
Alaska,46,86
Alaska,47,91
Alaska,48,85
Alaska,49,89
Alaska,50,95
Alaska,51,80
Alaska,52,96
Alaska,53,85
Alaska,54,76
Alaska,55,85
Alaska,56,75
Alaska,57,60
Alaska,58,69
Alaska,59,37
Alaska,60,16
Alaska,61,0
Alaska,62,0
Alaska,63,0
Alaska,64,0
Alaska,65,0
Arizona,-11,"1,301"
Arizona,-10,"1,391"
Arizona,-9,"1,315"
Arizona,-8,"1,275"
Arizona,-7,"1,265"
Arizona,-6,"1,264"
Arizona,-5,"1,314"
Arizona,-4,"1,342"
Arizona,-3,"1,353"
Arizona,-2,"1,380"
Arizona,-1,"1,349"
Arizona,0,"1,290"
Arizona,1,"1,324"
Arizona,2,"1,357"
Arizona,3,"1,403"
Arizona,4,"1,316"
Arizona,5,"1,384"
Arizona,6,"1,404"
Arizona,7,"1,427"
Arizona,8,"1,306"
Arizona,9,"1,289"
Arizona,10,"1,310"
Arizona,11,"1,399"
Arizona,12,"1,463"
Arizona,13,"1,550"
Arizona,14,"1,617"
Arizona,15,"1,774"
Arizona,16,"1,953"
Arizona,17,"1,995"
Arizona,18,"1,863"
Arizona,19,"1,792"
Arizona,20,"1,586"
Arizona,21,"1,526"
Arizona,22,"1,505"
Arizona,23,"1,467"
Arizona,24,"1,296"
Arizona,25,"1,282"
Arizona,26,"1,259"
Arizona,27,"1,285"
Arizona,28,"1,202"
Arizona,29,"1,241"
Arizona,30,"1,236"
Arizona,31,"1,282"
Arizona,32,"1,312"
Arizona,33,"1,399"
Arizona,34,"1,252"
Arizona,35,"1,525"
Arizona,36,"1,531"
Arizona,37,"1,696"
Arizona,38,"2,004"
Arizona,39,"2,098"
Arizona,40,"2,205"
Arizona,41,"2,300"
Arizona,42,"2,422"
Arizona,43,"2,453"
Arizona,44,"2,395"
Arizona,45,"2,056"
Arizona,46,"1,909"
Arizona,47,"1,685"
Arizona,48,"1,550"
Arizona,49,"1,515"
Arizona,50,"1,493"
Arizona,51,"1,410"
Arizona,52,"1,389"
Arizona,53,"1,288"
Arizona,54,"1,345"
Arizona,55,"1,272"
Arizona,56,"1,317"
Arizona,57,"1,248"
Arizona,58,"1,271"
Arizona,59,"1,407"
Arizona,60,"1,307"
Arizona,61,"1,237"
Arizona,62,"1,230"
Arizona,63,"1,290"
Arizona,64,"1,193"
Arizona,65,980
Arkansas,-11,672
Arkansas,-10,686
Arkansas,-9,658
Arkansas,-8,616
Arkansas,-7,681
Arkansas,-6,673
Arkansas,-5,688
Arkansas,-4,697
Arkansas,-3,656
Arkansas,-2,697
Arkansas,-1,628
Arkansas,0,640
Arkansas,1,641
Arkansas,2,606
Arkansas,3,636
Arkansas,4,637
Arkansas,5,615
Arkansas,6,630
Arkansas,7,661
Arkansas,8,583
Arkansas,9,642
Arkansas,10,610
Arkansas,11,649
Arkansas,12,652
Arkansas,13,708
Arkansas,14,663
Arkansas,15,687
Arkansas,16,661
Arkansas,17,695
Arkansas,18,714
Arkansas,19,750
Arkansas,20,736
Arkansas,21,766
Arkansas,22,750
Arkansas,23,739
Arkansas,24,713
Arkansas,25,722
Arkansas,26,736
Arkansas,27,746
Arkansas,28,784
Arkansas,29,785
Arkansas,30,778
Arkansas,31,794
Arkansas,32,790
Arkansas,33,845
Arkansas,34,893
Arkansas,35,876
Arkansas,36,833
Arkansas,37,944
Arkansas,38,912
Arkansas,39,936
Arkansas,40,922
Arkansas,41,968
Arkansas,42,960
Arkansas,43,962
Arkansas,44,982
Arkansas,45,873
Arkansas,46,863
Arkansas,47,801
Arkansas,48,772
Arkansas,49,788
Arkansas,50,740
Arkansas,51,717
Arkansas,52,642
Arkansas,53,698
Arkansas,54,597
Arkansas,55,687
Arkansas,56,606
Arkansas,57,655
Arkansas,58,642
Arkansas,59,692
Arkansas,60,682
Arkansas,61,665
Arkansas,62,633
Arkansas,63,641
Arkansas,64,586
Arkansas,65,488
California,-11,"5,888"
California,-10,"5,873"
California,-9,"5,830"
California,-8,"5,832"
California,-7,"5,686"
California,-6,"5,913"
California,-5,"5,587"
California,-4,"5,797"
California,-3,"5,680"
California,-2,"5,736"
California,-1,"5,465"
California,0,"5,681"
California,1,"5,689"
California,2,"5,986"
California,3,"6,047"
California,4,"6,131"
California,5,"5,938"
California,6,"5,744"
California,7,"5,671"
California,8,"5,695"
California,9,"5,530"
California,10,"5,593"
California,11,"5,518"
California,12,"5,570"
California,13,"5,489"
California,14,"5,701"
California,15,"5,901"
California,16,"6,042"
California,17,"6,229"
California,18,"6,250"
California,19,"6,339"
California,20,"6,309"
California,21,"6,291"
California,22,"6,477"
California,23,"5,878"
California,24,"5,784"
California,25,"5,874"
California,26,"5,753"
California,27,"5,562"
California,28,"5,669"
California,29,"5,568"
California,30,"5,620"
California,31,"5,350"
California,32,"5,529"
California,33,"5,872"
California,34,"6,002"
California,35,"6,350"
California,36,"6,391"
California,37,"7,160"
California,38,"8,143"
California,39,"9,218"
California,40,"10,550"
California,41,"11,233"
California,42,"11,882"
California,43,"11,551"
California,44,"10,393"
California,45,"9,574"
California,46,"8,757"
California,47,"7,846"
California,48,"6,996"
California,49,"6,702"
California,50,"6,428"
California,51,"6,177"
California,52,"5,955"
California,53,"5,759"
California,54,"5,721"
California,55,"5,387"
California,56,"5,299"
California,57,"5,315"
California,58,"5,327"
California,59,"5,278"
California,60,"5,175"
California,61,"5,117"
California,62,"5,084"
California,63,"4,796"
California,64,"4,357"
California,65,"3,281"
Colorado,-11,854
Colorado,-10,872
Colorado,-9,848
Colorado,-8,853
Colorado,-7,793
Colorado,-6,847
Colorado,-5,807
Colorado,-4,881
Colorado,-3,842
Colorado,-2,821
Colorado,-1,822
Colorado,0,891
Colorado,1,860
Colorado,2,967
Colorado,3,"1,096"
Colorado,4,"1,106"
Colorado,5,"1,067"
Colorado,6,999
Colorado,7,906
Colorado,8,887
Colorado,9,847
Colorado,10,834
Colorado,11,820
Colorado,12,816
Colorado,13,863
Colorado,14,877
Colorado,15,788
Colorado,16,815
Colorado,17,808
Colorado,18,833
Colorado,19,813
Colorado,20,841
Colorado,21,836
Colorado,22,863
Colorado,23,817
Colorado,24,743
Colorado,25,850
Colorado,26,804
Colorado,27,838
Colorado,28,782
Colorado,29,801
Colorado,30,867
Colorado,31,869
Colorado,32,907
Colorado,33,"1,007"
Colorado,34,"1,040"
Colorado,35,"1,132"
Colorado,36,"1,216"
Colorado,37,"1,256"
Colorado,38,"1,258"
Colorado,39,"1,201"
Colorado,40,"1,100"
Colorado,41,"1,095"
Colorado,42,"1,082"
Colorado,43,"1,007"
Colorado,44,985
Colorado,45,936
Colorado,46,949
Colorado,47,851
Colorado,48,894
Colorado,49,873
Colorado,50,861
Colorado,51,839
Colorado,52,895
Colorado,53,881
Colorado,54,825
Colorado,55,776
Colorado,56,862
Colorado,57,827
Colorado,58,839
Colorado,59,843
Colorado,60,867
Colorado,61,835
Colorado,62,808
Colorado,63,796
Colorado,64,790
Colorado,65,506
Connecticut,-11,633
Connecticut,-10,631
Connecticut,-9,639
Connecticut,-8,653
Connecticut,-7,686
Connecticut,-6,652
Connecticut,-5,635
Connecticut,-4,653
Connecticut,-3,638
Connecticut,-2,625
Connecticut,-1,632
Connecticut,0,665
Connecticut,1,751
Connecticut,2,891
Connecticut,3,"1,260"
Connecticut,4,"1,389"
Connecticut,5,"1,337"
Connecticut,6,"1,165"
Connecticut,7,"1,052"
Connecticut,8,953
Connecticut,9,823
Connecticut,10,759
Connecticut,11,669
Connecticut,12,636
Connecticut,13,581
Connecticut,14,597
Connecticut,15,553
Connecticut,16,610
Connecticut,17,569
Connecticut,18,586
Connecticut,19,555
Connecticut,20,592
Connecticut,21,574
Connecticut,22,571
Connecticut,23,529
Connecticut,24,574
Connecticut,25,571
Connecticut,26,578
Connecticut,27,644
Connecticut,28,623
Connecticut,29,637
Connecticut,30,619
Connecticut,31,683
Connecticut,32,638
Connecticut,33,726
Connecticut,34,685
Connecticut,35,759
Connecticut,36,755
Connecticut,37,843
Connecticut,38,845
Connecticut,39,871
Connecticut,40,921
Connecticut,41,912
Connecticut,42,849
Connecticut,43,856
Connecticut,44,851
Connecticut,45,817
Connecticut,46,770
Connecticut,47,721
Connecticut,48,678
Connecticut,49,670
Connecticut,50,637
Connecticut,51,642
Connecticut,52,633
Connecticut,53,653
Connecticut,54,604
Connecticut,55,561
Connecticut,56,594
Connecticut,57,594
Connecticut,58,598
Connecticut,59,504
Connecticut,60,429
Connecticut,61,437
Connecticut,62,419
Connecticut,63,135
Connecticut,64,47
Connecticut,65,27
Delaware,-11,199
Delaware,-10,194
Delaware,-9,190
Delaware,-8,190
Delaware,-7,183
Delaware,-6,191
Delaware,-5,202
Delaware,-4,194
Delaware,-3,164
Delaware,-2,200
Delaware,-1,189
Delaware,0,221
Delaware,1,188
Delaware,2,214
Delaware,3,219
Delaware,4,229
Delaware,5,285
Delaware,6,251
Delaware,7,271
Delaware,8,276
Delaware,9,222
Delaware,10,226
Delaware,11,182
Delaware,12,200
Delaware,13,162
Delaware,14,201
Delaware,15,201
Delaware,16,194
Delaware,17,191
Delaware,18,201
Delaware,19,195
Delaware,20,197
Delaware,21,189
Delaware,22,194
Delaware,23,190
Delaware,24,208
Delaware,25,198
Delaware,26,161
Delaware,27,202
Delaware,28,202
Delaware,29,203
Delaware,30,203
Delaware,31,215
Delaware,32,195
Delaware,33,199
Delaware,34,172
Delaware,35,232
Delaware,36,199
Delaware,37,231
Delaware,38,277
Delaware,39,281
Delaware,40,289
Delaware,41,285
Delaware,42,276
Delaware,43,287
Delaware,44,280
Delaware,45,266
Delaware,46,261
Delaware,47,233
Delaware,48,204
Delaware,49,212
Delaware,50,217
Delaware,51,168
Delaware,52,205
Delaware,53,192
Delaware,54,133
Delaware,55,153
Delaware,56,169
Delaware,57,169
Delaware,58,171
Delaware,59,163
Delaware,60,175
Delaware,61,167
Delaware,62,152
Delaware,63,116
Delaware,64,54
Delaware,65,65
District of Columbia,-11,132
District of Columbia,-10,128
District of Columbia,-9,140
District of Columbia,-8,131
District of Columbia,-7,143
District of Columbia,-6,131
District of Columbia,-5,122
District of Columbia,-4,104
District of Columbia,-3,135
District of Columbia,-2,118
District of Columbia,-1,114
District of Columbia,0,129
District of Columbia,1,130
District of Columbia,2,156
District of Columbia,3,194
District of Columbia,4,202
District of Columbia,5,242
District of Columbia,6,215
District of Columbia,7,214
District of Columbia,8,185
District of Columbia,9,181
District of Columbia,10,169
District of Columbia,11,149
District of Columbia,12,147
District of Columbia,13,132
District of Columbia,14,130
District of Columbia,15,122
District of Columbia,16,138
District of Columbia,17,121
District of Columbia,18,123
District of Columbia,19,130
District of Columbia,20,118
District of Columbia,21,117
District of Columbia,22,113
District of Columbia,23,140
District of Columbia,24,143
District of Columbia,25,125
District of Columbia,26,109
District of Columbia,27,112
District of Columbia,28,138
District of Columbia,29,146
District of Columbia,30,118
District of Columbia,31,105
District of Columbia,32,128
District of Columbia,33,137
District of Columbia,34,130
District of Columbia,35,135
District of Columbia,36,120
District of Columbia,37,153
District of Columbia,38,175
District of Columbia,39,144
District of Columbia,40,165
District of Columbia,41,178
District of Columbia,42,173
District of Columbia,43,170
District of Columbia,44,159
District of Columbia,45,180
District of Columbia,46,164
District of Columbia,47,153
District of Columbia,48,167
District of Columbia,49,144
District of Columbia,50,134
District of Columbia,51,124
District of Columbia,52,145
District of Columbia,53,135
District of Columbia,54,125
District of Columbia,55,157
District of Columbia,56,121
District of Columbia,57,126
District of Columbia,58,119
District of Columbia,59,119
District of Columbia,60,121
District of Columbia,61,122
District of Columbia,62,112
District of Columbia,63,107
District of Columbia,64,105
District of Columbia,65,63
Florida,-11,"4,341"
Florida,-10,"4,410"
Florida,-9,"4,385"
Florida,-8,"4,387"
Florida,-7,"4,419"
Florida,-6,"4,385"
Florida,-5,"4,358"
Florida,-4,"4,416"
Florida,-3,"4,399"
Florida,-2,"4,520"
Florida,-1,"4,435"
Florida,0,"4,362"
Florida,1,"4,461"
Florida,2,"4,497"
Florida,3,"4,544"
Florida,4,"4,416"
Florida,5,"4,555"
Florida,6,"4,352"
Florida,7,"4,407"
Florida,8,"4,279"
Florida,9,"4,360"
Florida,10,"4,211"
Florida,11,"4,265"
Florida,12,"4,256"
Florida,13,"4,408"
Florida,14,"4,504"
Florida,15,"4,725"
Florida,16,"5,084"
Florida,17,"5,509"
Florida,18,"5,704"
Florida,19,"5,791"
Florida,20,"5,585"
Florida,21,"5,510"
Florida,22,"5,203"
Florida,23,"5,015"
Florida,24,"4,758"
Florida,25,"4,513"
Florida,26,"4,667"
Florida,27,"4,444"
Florida,28,"4,346"
Florida,29,"4,525"
Florida,30,"4,389"
Florida,31,"4,335"
Florida,32,"4,265"
Florida,33,"4,305"
Florida,34,"4,487"
Florida,35,"4,561"
Florida,36,"4,634"
Florida,37,"4,911"
Florida,38,"5,085"
Florida,39,"4,945"
Florida,40,"5,137"
Florida,41,"5,708"
Florida,42,"5,497"
Florida,43,"5,923"
Florida,44,"5,663"
Florida,45,"5,487"
Florida,46,"5,569"
Florida,47,"5,459"
Florida,48,"5,119"
Florida,49,"4,891"
Florida,50,"4,821"
Florida,51,"4,636"
Florida,52,"4,582"
Florida,53,"4,729"
Florida,54,"4,473"
Florida,55,"4,696"
Florida,56,"4,640"
Florida,57,"4,716"
Florida,58,"4,468"
Florida,59,"4,585"
Florida,60,"4,500"
Florida,61,"4,554"
Florida,62,"4,451"
Florida,63,"4,274"
Florida,64,"4,054"
Florida,65,"3,161"
Georgia,-11,"1,803"
Georgia,-10,"1,806"
Georgia,-9,"1,746"
Georgia,-8,"1,829"
Georgia,-7,"1,796"
Georgia,-6,"1,781"
Georgia,-5,"1,761"
Georgia,-4,"1,749"
Georgia,-3,"1,859"
Georgia,-2,"1,755"
Georgia,-1,"1,784"
Georgia,0,"1,775"
Georgia,1,"1,881"
Georgia,2,"2,033"
Georgia,3,"2,041"
Georgia,4,"2,031"
Georgia,5,"2,040"
Georgia,6,"1,975"
Georgia,7,"1,986"
Georgia,8,"1,961"
Georgia,9,"1,910"
Georgia,10,"1,784"
Georgia,11,"1,782"
Georgia,12,"1,745"
Georgia,13,"1,780"
Georgia,14,"1,823"
Georgia,15,"1,879"
Georgia,16,"1,983"
Georgia,17,"2,176"
Georgia,18,"2,177"
Georgia,19,"2,192"
Georgia,20,"2,192"
Georgia,21,"2,243"
Georgia,22,"2,247"
Georgia,23,"2,132"
Georgia,24,"2,043"
Georgia,25,"2,073"
Georgia,26,"1,926"
Georgia,27,"1,997"
Georgia,28,"1,926"
Georgia,29,"1,886"
Georgia,30,"1,923"
Georgia,31,"1,960"
Georgia,32,"1,943"
Georgia,33,"2,016"
Georgia,34,"2,050"
Georgia,35,"1,976"
Georgia,36,"2,067"
Georgia,37,"2,170"
Georgia,38,"2,236"
Georgia,39,"2,417"
Georgia,40,"2,377"
Georgia,41,"2,719"
Georgia,42,"2,850"
Georgia,43,"3,076"
Georgia,44,"2,931"
Georgia,45,"2,749"
Georgia,46,"2,692"
Georgia,47,"2,355"
Georgia,48,"2,253"
Georgia,49,"2,079"
Georgia,50,"1,913"
Georgia,51,"1,961"
Georgia,52,"1,880"
Georgia,53,"1,837"
Georgia,54,"1,699"
Georgia,55,"1,871"
Georgia,56,"1,787"
Georgia,57,"1,799"
Georgia,58,"1,707"
Georgia,59,"1,685"
Georgia,60,"1,635"
Georgia,61,"1,642"
Georgia,62,"1,586"
Georgia,63,"1,409"
Georgia,64,"1,115"
Georgia,65,700
Hawaii,-11,242
Hawaii,-10,242
Hawaii,-9,215
Hawaii,-8,242
Hawaii,-7,242
Hawaii,-6,236
Hawaii,-5,281
Hawaii,-4,250
Hawaii,-3,238
Hawaii,-2,239
Hawaii,-1,243
Hawaii,0,212
Hawaii,1,235
Hawaii,2,235
Hawaii,3,221
Hawaii,4,211
Hawaii,5,200
Hawaii,6,223
Hawaii,7,210
Hawaii,8,230
Hawaii,9,210
Hawaii,10,200
Hawaii,11,217
Hawaii,12,203
Hawaii,13,246
Hawaii,14,236
Hawaii,15,207
Hawaii,16,239
Hawaii,17,227
Hawaii,18,219
Hawaii,19,217
Hawaii,20,231
Hawaii,21,223
Hawaii,22,242
Hawaii,23,255
Hawaii,24,235
Hawaii,25,274
Hawaii,26,242
Hawaii,27,242
Hawaii,28,214
Hawaii,29,231
Hawaii,30,237
Hawaii,31,237
Hawaii,32,238
Hawaii,33,236
Hawaii,34,249
Hawaii,35,224
Hawaii,36,216
Hawaii,37,237
Hawaii,38,212
Hawaii,39,249
Hawaii,40,198
Hawaii,41,225
Hawaii,42,215
Hawaii,43,246
Hawaii,44,205
Hawaii,45,225
Hawaii,46,237
Hawaii,47,264
Hawaii,48,250
Hawaii,49,261
Hawaii,50,228
Hawaii,51,252
Hawaii,52,233
Hawaii,53,241
Hawaii,54,247
Hawaii,55,248
Hawaii,56,217
Hawaii,57,251
Hawaii,58,232
Hawaii,59,234
Hawaii,60,229
Hawaii,61,251
Hawaii,62,205
Hawaii,63,196
Hawaii,64,197
Hawaii,65,174
Idaho,-11,278
Idaho,-10,292
Idaho,-9,293
Idaho,-8,275
Idaho,-7,249
Idaho,-6,292
Idaho,-5,279
Idaho,-4,318
Idaho,-3,290
Idaho,-2,278
Idaho,-1,282
Idaho,0,308
Idaho,1,332
Idaho,2,271
Idaho,3,306
Idaho,4,283
Idaho,5,262
Idaho,6,252
Idaho,7,304
Idaho,8,269
Idaho,9,262
Idaho,10,279
Idaho,11,294
Idaho,12,286
Idaho,13,282
Idaho,14,296
Idaho,15,281
Idaho,16,287
Idaho,17,312
Idaho,18,328
Idaho,19,327
Idaho,20,312
Idaho,21,319
Idaho,22,360
Idaho,23,327
Idaho,24,352
Idaho,25,321
Idaho,26,320
Idaho,27,292
Idaho,28,328
Idaho,29,300
Idaho,30,326
Idaho,31,341
Idaho,32,351
Idaho,33,365
Idaho,34,410
Idaho,35,391
Idaho,36,424
Idaho,37,397
Idaho,38,373
Idaho,39,394
Idaho,40,390
Idaho,41,349
Idaho,42,389
Idaho,43,340
Idaho,44,339
Idaho,45,284
Idaho,46,328
Idaho,47,305
Idaho,48,298
Idaho,49,302
Idaho,50,306
Idaho,51,308
Idaho,52,292
Idaho,53,300
Idaho,54,321
Idaho,55,343
Idaho,56,277
Idaho,57,280
Idaho,58,270
Idaho,59,273
Idaho,60,286
Idaho,61,325
Idaho,62,317
Idaho,63,288
Idaho,64,298
Idaho,65,236
Illinois,-11,"2,191"
Illinois,-10,"2,252"
Illinois,-9,"2,231"
Illinois,-8,"2,199"
Illinois,-7,"2,137"
Illinois,-6,"2,232"
Illinois,-5,"2,216"
Illinois,-4,"2,207"
Illinois,-3,"2,209"
Illinois,-2,"2,254"
Illinois,-1,"2,191"
Illinois,0,"2,283"
Illinois,1,"2,304"
Illinois,2,"2,622"
Illinois,3,"2,870"
Illinois,4,"2,912"
Illinois,5,"3,010"
Illinois,6,"2,952"
Illinois,7,"2,962"
Illinois,8,"2,865"
Illinois,9,"2,638"
Illinois,10,"2,547"
Illinois,11,"2,511"
Illinois,12,"2,270"
Illinois,13,"2,255"
Illinois,14,"2,133"
Illinois,15,"2,182"
Illinois,16,"2,189"
Illinois,17,"2,087"
Illinois,18,"2,034"
Illinois,19,"2,071"
Illinois,20,"2,138"
Illinois,21,"2,126"
Illinois,22,"2,151"
Illinois,23,"2,120"
Illinois,24,"2,198"
Illinois,25,"2,080"
Illinois,26,"2,080"
Illinois,27,"2,295"
Illinois,28,"2,138"
Illinois,29,"2,332"
Illinois,30,"2,281"
Illinois,31,"2,290"
Illinois,32,"2,455"
Illinois,33,"2,699"
Illinois,34,"2,905"
Illinois,35,"3,186"
Illinois,36,"3,151"
Illinois,37,"3,281"
Illinois,38,"3,345"
Illinois,39,"3,130"
Illinois,40,"3,040"
Illinois,41,"3,031"
Illinois,42,"2,794"
Illinois,43,"2,732"
Illinois,44,"2,609"
Illinois,45,"2,585"
Illinois,46,"2,560"
Illinois,47,"2,476"
Illinois,48,"2,437"
Illinois,49,"2,333"
Illinois,50,"2,178"
Illinois,51,"2,109"
Illinois,52,"2,115"
Illinois,53,"2,127"
Illinois,54,"2,179"
Illinois,55,"2,232"
Illinois,56,"2,110"
Illinois,57,"2,219"
Illinois,58,"2,224"
Illinois,59,"2,159"
Illinois,60,"2,121"
Illinois,61,"2,207"
Illinois,62,"2,004"
Illinois,63,"2,144"
Illinois,64,"1,980"
Illinois,65,"1,644"
Indiana,-11,"1,470"
Indiana,-10,"1,386"
Indiana,-9,"1,389"
Indiana,-8,"1,422"
Indiana,-7,"1,380"
Indiana,-6,"1,363"
Indiana,-5,"1,429"
Indiana,-4,"1,412"
Indiana,-3,"1,449"
Indiana,-2,"1,372"
Indiana,-1,"1,407"
Indiana,0,"1,329"
Indiana,1,"1,486"
Indiana,2,"1,581"
Indiana,3,"1,633"
Indiana,4,"1,510"
Indiana,5,"1,597"
Indiana,6,"1,537"
Indiana,7,"1,583"
Indiana,8,"1,572"
Indiana,9,"1,474"
Indiana,10,"1,383"
Indiana,11,"1,396"
Indiana,12,"1,392"
Indiana,13,"1,353"
Indiana,14,"1,380"
Indiana,15,"1,345"
Indiana,16,"1,352"
Indiana,17,"1,383"
Indiana,18,"1,318"
Indiana,19,"1,367"
Indiana,20,"1,344"
Indiana,21,"1,372"
Indiana,22,"1,359"
Indiana,23,"1,356"
Indiana,24,"1,271"
Indiana,25,"1,343"
Indiana,26,"1,409"
Indiana,27,"1,441"
Indiana,28,"1,411"
Indiana,29,"1,442"
Indiana,30,"1,524"
Indiana,31,"1,514"
Indiana,32,"1,600"
Indiana,33,"1,655"
Indiana,34,"1,721"
Indiana,35,"1,936"
Indiana,36,"2,015"
Indiana,37,"1,943"
Indiana,38,"2,119"
Indiana,39,"2,060"
Indiana,40,"2,010"
Indiana,41,"2,044"
Indiana,42,"1,966"
Indiana,43,"1,907"
Indiana,44,"1,781"
Indiana,45,"1,619"
Indiana,46,"1,603"
Indiana,47,"1,496"
Indiana,48,"1,456"
Indiana,49,"1,429"
Indiana,50,"1,401"
Indiana,51,"1,365"
Indiana,52,"1,293"
Indiana,53,"1,285"
Indiana,54,"1,265"
Indiana,55,"1,346"
Indiana,56,"1,365"
Indiana,57,"1,252"
Indiana,58,"1,317"
Indiana,59,"1,261"
Indiana,60,"1,218"
Indiana,61,"1,250"
Indiana,62,"1,192"
Indiana,63,"1,169"
Indiana,64,964
Indiana,65,638
Iowa,-11,665
Iowa,-10,647
Iowa,-9,620
Iowa,-8,640
Iowa,-7,615
Iowa,-6,637
Iowa,-5,600
Iowa,-4,643
Iowa,-3,642
Iowa,-2,624
Iowa,-1,636
Iowa,0,598
Iowa,1,595
Iowa,2,608
Iowa,3,597
Iowa,4,633
Iowa,5,587
Iowa,6,673
Iowa,7,702
Iowa,8,674
Iowa,9,619
Iowa,10,632
Iowa,11,600
Iowa,12,589
Iowa,13,575
Iowa,14,552
Iowa,15,596
Iowa,16,567
Iowa,17,601
Iowa,18,651
Iowa,19,650
Iowa,20,649
Iowa,21,669
Iowa,22,625
Iowa,23,691
Iowa,24,597
Iowa,25,637
Iowa,26,642
Iowa,27,641
Iowa,28,680
Iowa,29,733
Iowa,30,688
Iowa,31,750
Iowa,32,759
Iowa,33,860
Iowa,34,905
Iowa,35,998
Iowa,36,976
Iowa,37,"1,002"
Iowa,38,950
Iowa,39,864
Iowa,40,834
Iowa,41,741
Iowa,42,798
Iowa,43,753
Iowa,44,745
Iowa,45,643
Iowa,46,648
Iowa,47,607
Iowa,48,657
Iowa,49,584
Iowa,50,616
Iowa,51,557
Iowa,52,500
Iowa,53,561
Iowa,54,569
Iowa,55,621
Iowa,56,564
Iowa,57,605
Iowa,58,622
Iowa,59,553
Iowa,60,537
Iowa,61,510
Iowa,62,530
Iowa,63,498
Iowa,64,471
Iowa,65,348
Kansas,-11,591
Kansas,-10,560
Kansas,-9,576
Kansas,-8,571
Kansas,-7,549
Kansas,-6,503
Kansas,-5,575
Kansas,-4,559
Kansas,-3,548
Kansas,-2,575
Kansas,-1,522
Kansas,0,515
Kansas,1,523
Kansas,2,550
Kansas,3,525
Kansas,4,546
Kansas,5,541
Kansas,6,526
Kansas,7,507
Kansas,8,530
Kansas,9,520
Kansas,10,506
Kansas,11,499
Kansas,12,516
Kansas,13,508
Kansas,14,521
Kansas,15,562
Kansas,16,504
Kansas,17,518
Kansas,18,540
Kansas,19,543
Kansas,20,601
Kansas,21,577
Kansas,22,514
Kansas,23,532
Kansas,24,566
Kansas,25,581
Kansas,26,553
Kansas,27,601
Kansas,28,580
Kansas,29,638
Kansas,30,636
Kansas,31,658
Kansas,32,577
Kansas,33,679
Kansas,34,719
Kansas,35,782
Kansas,36,813
Kansas,37,870
Kansas,38,880
Kansas,39,931
Kansas,40,855
Kansas,41,811
Kansas,42,789
Kansas,43,787
Kansas,44,675
Kansas,45,690
Kansas,46,681
Kansas,47,582
Kansas,48,587
Kansas,49,594
Kansas,50,552
Kansas,51,528
Kansas,52,506
Kansas,53,521
Kansas,54,521
Kansas,55,507
Kansas,56,496
Kansas,57,527
Kansas,58,512
Kansas,59,513
Kansas,60,504
Kansas,61,551
Kansas,62,470
Kansas,63,501
Kansas,64,499
Kansas,65,387
Kentucky,-11,"1,093"
Kentucky,-10,"1,058"
Kentucky,-9,"1,041"
Kentucky,-8,944
Kentucky,-7,978
Kentucky,-6,956
Kentucky,-5,955
Kentucky,-4,992
Kentucky,-3,"1,022"
Kentucky,-2,"1,006"
Kentucky,-1,"1,021"
Kentucky,0,949
Kentucky,1,937
Kentucky,2,"1,048"
Kentucky,3,"1,026"
Kentucky,4,960
Kentucky,5,975
Kentucky,6,998
Kentucky,7,"1,006"
Kentucky,8,995
Kentucky,9,998
Kentucky,10,987
Kentucky,11,918
Kentucky,12,"1,002"
Kentucky,13,966
Kentucky,14,937
Kentucky,15,993
Kentucky,16,"1,047"
Kentucky,17,936
Kentucky,18,968
Kentucky,19,"1,031"
Kentucky,20,"1,007"
Kentucky,21,"1,015"
Kentucky,22,"1,078"
Kentucky,23,"1,007"
Kentucky,24,"1,055"
Kentucky,25,"1,020"
Kentucky,26,"1,017"
Kentucky,27,"1,069"
Kentucky,28,"1,008"
Kentucky,29,"1,068"
Kentucky,30,"1,127"
Kentucky,31,"1,183"
Kentucky,32,"1,125"
Kentucky,33,"1,181"
Kentucky,34,"1,187"
Kentucky,35,"1,289"
Kentucky,36,"1,332"
Kentucky,37,"1,357"
Kentucky,38,"1,410"
Kentucky,39,"1,382"
Kentucky,40,"1,485"
Kentucky,41,"1,408"
Kentucky,42,"1,292"
Kentucky,43,"1,397"
Kentucky,44,"1,316"
Kentucky,45,"1,255"
Kentucky,46,"1,166"
Kentucky,47,"1,162"
Kentucky,48,"1,137"
Kentucky,49,"1,109"
Kentucky,50,"1,065"
Kentucky,51,"1,126"
Kentucky,52,"1,012"
Kentucky,53,"1,020"
Kentucky,54,976
Kentucky,55,"1,048"
Kentucky,56,"1,018"
Kentucky,57,"1,010"
Kentucky,58,980
Kentucky,59,940
Kentucky,60,871
Kentucky,61,939
Kentucky,62,883
Kentucky,63,729
Kentucky,64,576
Kentucky,65,345
Louisiana,-11,927
Louisiana,-10,967
Louisiana,-9,960
Louisiana,-8,970
Louisiana,-7,977
Louisiana,-6,956
Louisiana,-5,951
Louisiana,-4,950
Louisiana,-3,993
Louisiana,-2,964
Louisiana,-1,994
Louisiana,0,955
Louisiana,1,"1,233"
Louisiana,2,"1,390"
Louisiana,3,"1,529"
Louisiana,4,"1,360"
Louisiana,5,"1,248"
Louisiana,6,"1,171"
Louisiana,7,"1,129"
Louisiana,8,"1,105"
Louisiana,9,"1,052"
Louisiana,10,"1,054"
Louisiana,11,"1,016"
Louisiana,12,951
Louisiana,13,"1,004"
Louisiana,14,998
Louisiana,15,985
Louisiana,16,"1,061"
Louisiana,17,"1,152"
Louisiana,18,"1,213"
Louisiana,19,"1,205"
Louisiana,20,"1,243"
Louisiana,21,"1,181"
Louisiana,22,"1,132"
Louisiana,23,"1,098"
Louisiana,24,"1,110"
Louisiana,25,"1,027"
Louisiana,26,"1,040"
Louisiana,27,991
Louisiana,28,"1,036"
Louisiana,29,"1,044"
Louisiana,30,991
Louisiana,31,"1,008"
Louisiana,32,951
Louisiana,33,"1,052"
Louisiana,34,"1,056"
Louisiana,35,"1,068"
Louisiana,36,"1,084"
Louisiana,37,"1,103"
Louisiana,38,"1,238"
Louisiana,39,"1,207"
Louisiana,40,"1,240"
Louisiana,41,"1,252"
Louisiana,42,"1,392"
Louisiana,43,"1,398"
Louisiana,44,"1,354"
Louisiana,45,"1,240"
Louisiana,46,"1,188"
Louisiana,47,"1,152"
Louisiana,48,"1,152"
Louisiana,49,"1,091"
Louisiana,50,"1,065"
Louisiana,51,"1,029"
Louisiana,52,986
Louisiana,53,997
Louisiana,54,959
Louisiana,55,928
Louisiana,56,933
Louisiana,57,960
Louisiana,58,916
Louisiana,59,828
Louisiana,60,815
Louisiana,61,774
Louisiana,62,736
Louisiana,63,698
Louisiana,64,554
Louisiana,65,289
Maine,-11,320
Maine,-10,318
Maine,-9,295
Maine,-8,308
Maine,-7,288
Maine,-6,316
Maine,-5,329
Maine,-4,299
Maine,-3,292
Maine,-2,313
Maine,-1,301
Maine,0,277
Maine,1,279
Maine,2,300
Maine,3,304
Maine,4,310
Maine,5,285
Maine,6,277
Maine,7,293
Maine,8,256
Maine,9,267
Maine,10,302
Maine,11,255
Maine,12,254
Maine,13,275
Maine,14,299
Maine,15,280
Maine,16,289
Maine,17,294
Maine,18,282
Maine,19,283
Maine,20,276
Maine,21,280
Maine,22,312
Maine,23,285
Maine,24,289
Maine,25,319
Maine,26,299
Maine,27,309
Maine,28,289
Maine,29,302
Maine,30,275
Maine,31,275
Maine,32,275
Maine,33,334
Maine,34,323
Maine,35,307
Maine,36,349
Maine,37,342
Maine,38,353
Maine,39,324
Maine,40,347
Maine,41,350
Maine,42,344
Maine,43,362
Maine,44,335
Maine,45,356
Maine,46,302
Maine,47,327
Maine,48,289
Maine,49,280
Maine,50,327
Maine,51,284
Maine,52,246
Maine,53,266
Maine,54,309
Maine,55,286
Maine,56,307
Maine,57,291
Maine,58,302
Maine,59,295
Maine,60,292
Maine,61,334
Maine,62,310
Maine,63,292
Maine,64,315
Maine,65,271
Maryland,-11,"1,049"
Maryland,-10,"1,035"
Maryland,-9,988
Maryland,-8,"1,003"
Maryland,-7,"1,034"
Maryland,-6,"1,004"
Maryland,-5,"1,019"
Maryland,-4,973
Maryland,-3,"1,082"
Maryland,-2,"1,049"
Maryland,-1,"1,005"
Maryland,0,"1,064"
Maryland,1,"1,092"
Maryland,2,"1,191"
Maryland,3,"1,353"
Maryland,4,"1,357"
Maryland,5,"1,538"
Maryland,6,"1,523"
Maryland,7,"1,445"
Maryland,8,"1,431"
Maryland,9,"1,336"
Maryland,10,"1,265"
Maryland,11,"1,167"
Maryland,12,"1,158"
Maryland,13,"1,070"
Maryland,14,"1,031"
Maryland,15,"1,051"
Maryland,16,"1,031"
Maryland,17,"1,026"
Maryland,18,"1,002"
Maryland,19,"1,067"
Maryland,20,"1,007"
Maryland,21,"1,064"
Maryland,22,"1,002"
Maryland,23,"1,040"
Maryland,24,"1,046"
Maryland,25,996
Maryland,26,991
Maryland,27,"1,071"
Maryland,28,"1,074"
Maryland,29,"1,086"
Maryland,30,"1,052"
Maryland,31,"1,101"
Maryland,32,"1,071"
Maryland,33,"1,088"
Maryland,34,"1,106"
Maryland,35,"1,224"
Maryland,36,"1,185"
Maryland,37,"1,258"
Maryland,38,"1,378"
Maryland,39,"1,432"
Maryland,40,"1,337"
Maryland,41,"1,477"
Maryland,42,"1,364"
Maryland,43,"1,426"
Maryland,44,"1,366"
Maryland,45,"1,321"
Maryland,46,"1,273"
Maryland,47,"1,295"
Maryland,48,"1,169"
Maryland,49,"1,175"
Maryland,50,"1,144"
Maryland,51,"1,091"
Maryland,52,"1,142"
Maryland,53,"1,112"
Maryland,54,"1,060"
Maryland,55,"1,156"
Maryland,56,"1,031"
Maryland,57,"1,099"
Maryland,58,"1,074"
Maryland,59,"1,008"
Maryland,60,"1,038"
Maryland,61,992
Maryland,62,"1,006"
Maryland,63,957
Maryland,64,807
Maryland,65,710
Massachusetts,-11,"1,242"
Massachusetts,-10,"1,266"
Massachusetts,-9,"1,190"
Massachusetts,-8,"1,302"
Massachusetts,-7,"1,204"
Massachusetts,-6,"1,233"
Massachusetts,-5,"1,251"
Massachusetts,-4,"1,166"
Massachusetts,-3,"1,278"
Massachusetts,-2,"1,216"
Massachusetts,-1,"1,311"
Massachusetts,0,"1,170"
Massachusetts,1,"1,290"
Massachusetts,2,"1,549"
Massachusetts,3,"2,038"
Massachusetts,4,"2,494"
Massachusetts,5,"2,535"
Massachusetts,6,"2,310"
Massachusetts,7,"2,071"
Massachusetts,8,"1,886"
Massachusetts,9,"1,578"
Massachusetts,10,"1,360"
Massachusetts,11,"1,236"
Massachusetts,12,"1,140"
Massachusetts,13,"1,129"
Massachusetts,14,"1,084"
Massachusetts,15,"1,048"
Massachusetts,16,"1,047"
Massachusetts,17,"1,060"
Massachusetts,18,"1,089"
Massachusetts,19,"1,022"
Massachusetts,20,996
Massachusetts,21,"1,049"
Massachusetts,22,"1,037"
Massachusetts,23,"1,059"
Massachusetts,24,"1,014"
Massachusetts,25,"1,012"
Massachusetts,26,"1,094"
Massachusetts,27,"1,125"
Massachusetts,28,"1,105"
Massachusetts,29,"1,101"
Massachusetts,30,"1,131"
Massachusetts,31,"1,196"
Massachusetts,32,"1,089"
Massachusetts,33,"1,218"
Massachusetts,34,"1,234"
Massachusetts,35,"1,214"
Massachusetts,36,"1,261"
Massachusetts,37,"1,331"
Massachusetts,38,"1,351"
Massachusetts,39,"1,426"
Massachusetts,40,"1,552"
Massachusetts,41,"1,526"
Massachusetts,42,"1,556"
Massachusetts,43,"1,558"
Massachusetts,44,"1,523"
Massachusetts,45,"1,567"
Massachusetts,46,"1,501"
Massachusetts,47,"1,362"
Massachusetts,48,"1,341"
Massachusetts,49,"1,264"
Massachusetts,50,"1,217"
Massachusetts,51,"1,208"
Massachusetts,52,"1,198"
Massachusetts,53,"1,143"
Massachusetts,54,"1,116"
Massachusetts,55,"1,112"
Massachusetts,56,"1,135"
Massachusetts,57,"1,095"
Massachusetts,58,"1,112"
Massachusetts,59,"1,133"
Massachusetts,60,"1,097"
Massachusetts,61,"1,150"
Massachusetts,62,"1,058"
Massachusetts,63,"1,048"
Massachusetts,64,995
Massachusetts,65,789
Michigan,-11,"2,015"
Michigan,-10,"2,065"
Michigan,-9,"1,937"
Michigan,-8,"2,012"
Michigan,-7,"2,004"
Michigan,-6,"1,940"
Michigan,-5,"2,013"
Michigan,-4,"2,056"
Michigan,-3,"1,973"
Michigan,-2,"1,988"
Michigan,-1,"1,955"
Michigan,0,"2,036"
Michigan,1,"2,432"
Michigan,2,"3,117"
Michigan,3,"3,385"
Michigan,4,"3,159"
Michigan,5,"2,806"
Michigan,6,"2,588"
Michigan,7,"2,241"
Michigan,8,"2,160"
Michigan,9,"2,012"
Michigan,10,"1,962"
Michigan,11,"2,000"
Michigan,12,"1,860"
Michigan,13,"1,885"
Michigan,14,"1,918"
Michigan,15,"1,984"
Michigan,16,"1,890"
Michigan,17,"1,879"
Michigan,18,"1,891"
Michigan,19,"1,968"
Michigan,20,"1,868"
Michigan,21,"2,024"
Michigan,22,"1,926"
Michigan,23,"1,936"
Michigan,24,"1,959"
Michigan,25,"1,942"
Michigan,26,"1,905"
Michigan,27,"2,006"
Michigan,28,"2,032"
Michigan,29,"2,146"
Michigan,30,"2,029"
Michigan,31,"2,207"
Michigan,32,"2,177"
Michigan,33,"2,347"
Michigan,34,"2,426"
Michigan,35,"2,623"
Michigan,36,"2,661"
Michigan,37,"2,804"
Michigan,38,"2,958"
Michigan,39,"2,765"
Michigan,40,"2,633"
Michigan,41,"2,552"
Michigan,42,"2,354"
Michigan,43,"2,394"
Michigan,44,"2,341"
Michigan,45,"2,185"
Michigan,46,"2,283"
Michigan,47,"2,079"
Michigan,48,"2,097"
Michigan,49,"2,062"
Michigan,50,"2,015"
Michigan,51,"1,856"
Michigan,52,"2,008"
Michigan,53,"2,086"
Michigan,54,"2,043"
Michigan,55,"2,319"
Michigan,56,"2,267"
Michigan,57,"2,390"
Michigan,58,"2,307"
Michigan,59,"2,220"
Michigan,60,"2,109"
Michigan,61,"2,137"
Michigan,62,"1,943"
Michigan,63,"1,870"
Michigan,64,"1,723"
Michigan,65,"1,281"
Minnesota,-11,"1,009"
Minnesota,-10,950
Minnesota,-9,946
Minnesota,-8,955
Minnesota,-7,942
Minnesota,-6,919
Minnesota,-5,941
Minnesota,-4,913
Minnesota,-3,933
Minnesota,-2,944
Minnesota,-1,882
Minnesota,0,894
Minnesota,1,909
Minnesota,2,928
Minnesota,3,943
Minnesota,4,955
Minnesota,5,"1,016"
Minnesota,6,"1,042"
Minnesota,7,"1,057"
Minnesota,8,"1,000"
Minnesota,9,"1,005"
Minnesota,10,"1,017"
Minnesota,11,"1,038"
Minnesota,12,973
Minnesota,13,941
Minnesota,14,840
Minnesota,15,876
Minnesota,16,865
Minnesota,17,869
Minnesota,18,878
Minnesota,19,818
Minnesota,20,897
Minnesota,21,888
Minnesota,22,907
Minnesota,23,919
Minnesota,24,895
Minnesota,25,893
Minnesota,26,957
Minnesota,27,969
Minnesota,28,886
Minnesota,29,"1,013"
Minnesota,30,953
Minnesota,31,"1,030"
Minnesota,32,"1,075"
Minnesota,33,"1,145"
Minnesota,34,"1,196"
Minnesota,35,"1,326"
Minnesota,36,"1,397"
Minnesota,37,"1,334"
Minnesota,38,"1,382"
Minnesota,39,"1,269"
Minnesota,40,"1,203"
Minnesota,41,"1,187"
Minnesota,42,"1,138"
Minnesota,43,"1,078"
Minnesota,44,947
Minnesota,45,923
Minnesota,46,982
Minnesota,47,910
Minnesota,48,903
Minnesota,49,967
Minnesota,50,931
Minnesota,51,862
Minnesota,52,863
Minnesota,53,862
Minnesota,54,868
Minnesota,55,870
Minnesota,56,885
Minnesota,57,926
Minnesota,58,946
Minnesota,59,875
Minnesota,60,897
Minnesota,61,827
Minnesota,62,770
Minnesota,63,758
Minnesota,64,762
Minnesota,65,587
Mississippi,-11,673
Mississippi,-10,648
Mississippi,-9,624
Mississippi,-8,612
Mississippi,-7,608
Mississippi,-6,703
Mississippi,-5,648
Mississippi,-4,625
Mississippi,-3,665
Mississippi,-2,663
Mississippi,-1,623
Mississippi,0,625
Mississippi,1,698
Mississippi,2,707
Mississippi,3,699
Mississippi,4,732
Mississippi,5,750
Mississippi,6,751
Mississippi,7,748
Mississippi,8,775
Mississippi,9,725
Mississippi,10,750
Mississippi,11,728
Mississippi,12,702
Mississippi,13,743
Mississippi,14,721
Mississippi,15,711
Mississippi,16,797
Mississippi,17,784
Mississippi,18,886
Mississippi,19,871
Mississippi,20,915
Mississippi,21,860
Mississippi,22,813
Mississippi,23,813
Mississippi,24,736
Mississippi,25,745
Mississippi,26,738
Mississippi,27,723
Mississippi,28,728
Mississippi,29,761
Mississippi,30,680
Mississippi,31,727
Mississippi,32,716
Mississippi,33,750
Mississippi,34,785
Mississippi,35,793
Mississippi,36,820
Mississippi,37,850
Mississippi,38,959
Mississippi,39,923
Mississippi,40,994
Mississippi,41,"1,068"
Mississippi,42,"1,046"
Mississippi,43,"1,057"
Mississippi,44,"1,016"
Mississippi,45,914
Mississippi,46,862
Mississippi,47,786
Mississippi,48,803
Mississippi,49,841
Mississippi,50,717
Mississippi,51,746
Mississippi,52,669
Mississippi,53,669
Mississippi,54,642
Mississippi,55,659
Mississippi,56,646
Mississippi,57,655
Mississippi,58,682
Mississippi,59,623
Mississippi,60,613
Mississippi,61,648
Mississippi,62,631
Mississippi,63,530
Mississippi,64,548
Mississippi,65,321
Missouri,-11,"1,327"
Missouri,-10,"1,333"
Missouri,-9,"1,334"
Missouri,-8,"1,352"
Missouri,-7,"1,364"
Missouri,-6,"1,334"
Missouri,-5,"1,348"
Missouri,-4,"1,361"
Missouri,-3,"1,370"
Missouri,-2,"1,394"
Missouri,-1,"1,301"
Missouri,0,"1,272"
Missouri,1,"1,343"
Missouri,2,"1,301"
Missouri,3,"1,466"
Missouri,4,"1,358"
Missouri,5,"1,448"
Missouri,6,"1,393"
Missouri,7,"1,427"
Missouri,8,"1,343"
Missouri,9,"1,304"
Missouri,10,"1,244"
Missouri,11,"1,293"
Missouri,12,"1,263"
Missouri,13,"1,228"
Missouri,14,"1,284"
Missouri,15,"1,284"
Missouri,16,"1,295"
Missouri,17,"1,367"
Missouri,18,"1,355"
Missouri,19,"1,366"
Missouri,20,"1,355"
Missouri,21,"1,380"
Missouri,22,"1,402"
Missouri,23,"1,382"
Missouri,24,"1,410"
Missouri,25,"1,369"
Missouri,26,"1,445"
Missouri,27,"1,465"
Missouri,28,"1,522"
Missouri,29,"1,531"
Missouri,30,"1,519"
Missouri,31,"1,577"
Missouri,32,"1,611"
Missouri,33,"1,790"
Missouri,34,"1,839"
Missouri,35,"1,858"
Missouri,36,"1,908"
Missouri,37,"1,962"
Missouri,38,"2,017"
Missouri,39,"1,890"
Missouri,40,"1,830"
Missouri,41,"1,833"
Missouri,42,"1,747"
Missouri,43,"1,781"
Missouri,44,"1,719"
Missouri,45,"1,608"
Missouri,46,"1,518"
Missouri,47,"1,419"
Missouri,48,"1,509"
Missouri,49,"1,396"
Missouri,50,"1,361"
Missouri,51,"1,304"
Missouri,52,"1,243"
Missouri,53,"1,377"
Missouri,54,"1,276"
Missouri,55,"1,367"
Missouri,56,"1,274"
Missouri,57,"1,252"
Missouri,58,"1,246"
Missouri,59,"1,161"
Missouri,60,"1,218"
Missouri,61,"1,146"
Missouri,62,"1,078"
Missouri,63,"1,107"
Missouri,64,"1,004"
Missouri,65,732
Montana,-11,231
Montana,-10,211
Montana,-9,202
Montana,-8,197
Montana,-7,218
Montana,-6,202
Montana,-5,198
Montana,-4,217
Montana,-3,236
Montana,-2,221
Montana,-1,218
Montana,0,229
Montana,1,205
Montana,2,177
Montana,3,216
Montana,4,191
Montana,5,187
Montana,6,204
Montana,7,177
Montana,8,205
Montana,9,181
Montana,10,180
Montana,11,178
Montana,12,223
Montana,13,198
Montana,14,199
Montana,15,175
Montana,16,190
Montana,17,203
Montana,18,224
Montana,19,216
Montana,20,216
Montana,21,204
Montana,22,240
Montana,23,195
Montana,24,233
Montana,25,221
Montana,26,235
Montana,27,236
Montana,28,240
Montana,29,282
Montana,30,267
Montana,31,295
Montana,32,317
Montana,33,299
Montana,34,323
Montana,35,332
Montana,36,307
Montana,37,270
Montana,38,303
Montana,39,271
Montana,40,308
Montana,41,274
Montana,42,248
Montana,43,253
Montana,44,247
Montana,45,199
Montana,46,216
Montana,47,222
Montana,48,210
Montana,49,224
Montana,50,188
Montana,51,199
Montana,52,222
Montana,53,204
Montana,54,168
Montana,55,204
Montana,56,232
Montana,57,204
Montana,58,221
Montana,59,194
Montana,60,194
Montana,61,220
Montana,62,198
Montana,63,184
Montana,64,173
Montana,65,96
Nebraska,-11,346
Nebraska,-10,362
Nebraska,-9,333
Nebraska,-8,358
Nebraska,-7,373
Nebraska,-6,345
Nebraska,-5,327
Nebraska,-4,318
Nebraska,-3,341
Nebraska,-2,355
Nebraska,-1,343
Nebraska,0,350
Nebraska,1,331
Nebraska,2,310
Nebraska,3,343
Nebraska,4,353
Nebraska,5,353
Nebraska,6,344
Nebraska,7,338
Nebraska,8,352
Nebraska,9,347
Nebraska,10,375
Nebraska,11,319
Nebraska,12,319
Nebraska,13,371
Nebraska,14,320
Nebraska,15,308
Nebraska,16,317
Nebraska,17,325
Nebraska,18,361
Nebraska,19,358
Nebraska,20,381
Nebraska,21,354
Nebraska,22,363
Nebraska,23,323
Nebraska,24,350
Nebraska,25,339
Nebraska,26,328
Nebraska,27,378
Nebraska,28,373
Nebraska,29,406
Nebraska,30,401
Nebraska,31,425
Nebraska,32,442
Nebraska,33,498
Nebraska,34,551
Nebraska,35,574
Nebraska,36,565
Nebraska,37,514
Nebraska,38,501
Nebraska,39,460
Nebraska,40,426
Nebraska,41,434
Nebraska,42,446
Nebraska,43,390
Nebraska,44,407
Nebraska,45,378
Nebraska,46,364
Nebraska,47,341
Nebraska,48,328
Nebraska,49,318
Nebraska,50,354
Nebraska,51,318
Nebraska,52,328
Nebraska,53,332
Nebraska,54,329
Nebraska,55,320
Nebraska,56,360
Nebraska,57,326
Nebraska,58,366
Nebraska,59,337
Nebraska,60,365
Nebraska,61,314
Nebraska,62,314
Nebraska,63,283
Nebraska,64,241
Nebraska,65,143
Nevada,-11,521
Nevada,-10,556
Nevada,-9,605
Nevada,-8,577
Nevada,-7,532
Nevada,-6,579
Nevada,-5,530
Nevada,-4,546
Nevada,-3,544
Nevada,-2,535
Nevada,-1,515
Nevada,0,508
Nevada,1,543
Nevada,2,593
Nevada,3,588
Nevada,4,546
Nevada,5,565
Nevada,6,547
Nevada,7,544
Nevada,8,514
Nevada,9,536
Nevada,10,543
Nevada,11,562
Nevada,12,543
Nevada,13,519
Nevada,14,557
Nevada,15,528
Nevada,16,633
Nevada,17,640
Nevada,18,657
Nevada,19,620
Nevada,20,694
Nevada,21,662
Nevada,22,648
Nevada,23,633
Nevada,24,640
Nevada,25,559
Nevada,26,537
Nevada,27,528
Nevada,28,564
Nevada,29,558
Nevada,30,526
Nevada,31,541
Nevada,32,604
Nevada,33,555
Nevada,34,631
Nevada,35,663
Nevada,36,744
Nevada,37,773
Nevada,38,908
Nevada,39,845
Nevada,40,867
Nevada,41,855
Nevada,42,885
Nevada,43,845
Nevada,44,824
Nevada,45,782
Nevada,46,719
Nevada,47,701
Nevada,48,637
Nevada,49,665
Nevada,50,557
Nevada,51,604
Nevada,52,593
Nevada,53,550
Nevada,54,574
Nevada,55,542
Nevada,56,531
Nevada,57,571
Nevada,58,544
Nevada,59,570
Nevada,60,541
Nevada,61,490
Nevada,62,471
Nevada,63,518
Nevada,64,449
Nevada,65,358
New Hampshire,-11,260
New Hampshire,-10,263
New Hampshire,-9,245
New Hampshire,-8,241
New Hampshire,-7,240
New Hampshire,-6,256
New Hampshire,-5,236
New Hampshire,-4,277
New Hampshire,-3,228
New Hampshire,-2,266
New Hampshire,-1,240
New Hampshire,0,252
New Hampshire,1,258
New Hampshire,2,248
New Hampshire,3,270
New Hampshire,4,242
New Hampshire,5,274
New Hampshire,6,266
New Hampshire,7,292
New Hampshire,8,285
New Hampshire,9,268
New Hampshire,10,250
New Hampshire,11,259
New Hampshire,12,302
New Hampshire,13,238
New Hampshire,14,250
New Hampshire,15,247
New Hampshire,16,249
New Hampshire,17,231
New Hampshire,18,266
New Hampshire,19,248
New Hampshire,20,233
New Hampshire,21,230
New Hampshire,22,250
New Hampshire,23,231
New Hampshire,24,234
New Hampshire,25,228
New Hampshire,26,226
New Hampshire,27,273
New Hampshire,28,222
New Hampshire,29,255
New Hampshire,30,253
New Hampshire,31,234
New Hampshire,32,257
New Hampshire,33,263
New Hampshire,34,285
New Hampshire,35,259
New Hampshire,36,284
New Hampshire,37,313
New Hampshire,38,312
New Hampshire,39,288
New Hampshire,40,357
New Hampshire,41,304
New Hampshire,42,323
New Hampshire,43,357
New Hampshire,44,296
New Hampshire,45,272
New Hampshire,46,289
New Hampshire,47,257
New Hampshire,48,264
New Hampshire,49,244
New Hampshire,50,246
New Hampshire,51,236
New Hampshire,52,231
New Hampshire,53,245
New Hampshire,54,214
New Hampshire,55,230
New Hampshire,56,225
New Hampshire,57,253
New Hampshire,58,245
New Hampshire,59,244
New Hampshire,60,231
New Hampshire,61,270
New Hampshire,62,227
New Hampshire,63,244
New Hampshire,64,252
New Hampshire,65,214
New Jersey,-11,"1,628"
New Jersey,-10,"1,588"
New Jersey,-9,"1,490"
New Jersey,-8,"1,579"
New Jersey,-7,"1,517"
New Jersey,-6,"1,495"
New Jersey,-5,"1,488"
New Jersey,-4,"1,494"
New Jersey,-3,"1,571"
New Jersey,-2,"1,509"
New Jersey,-1,"1,477"
New Jersey,0,"1,600"
New Jersey,1,"2,124"
New Jersey,2,"3,484"
New Jersey,3,"4,774"
New Jersey,4,"4,733"
New Jersey,5,"3,979"
New Jersey,6,"3,181"
New Jersey,7,"2,603"
New Jersey,8,"2,287"
New Jersey,9,"1,937"
New Jersey,10,"1,746"
New Jersey,11,"1,587"
New Jersey,12,"1,486"
New Jersey,13,"1,411"
New Jersey,14,"1,445"
New Jersey,15,"1,407"
New Jersey,16,"1,389"
New Jersey,17,"1,324"
New Jersey,18,"1,370"
New Jersey,19,"1,391"
New Jersey,20,"1,344"
New Jersey,21,"1,308"
New Jersey,22,"1,341"
New Jersey,23,"1,335"
New Jersey,24,"1,397"
New Jersey,25,"1,389"
New Jersey,26,"1,378"
New Jersey,27,"1,395"
New Jersey,28,"1,330"
New Jersey,29,"1,401"
New Jersey,30,"1,341"
New Jersey,31,"1,470"
New Jersey,32,"1,434"
New Jersey,33,"1,567"
New Jersey,34,"1,632"
New Jersey,35,"1,676"
New Jersey,36,"1,697"
New Jersey,37,"1,904"
New Jersey,38,"2,026"
New Jersey,39,"2,094"
New Jersey,40,"2,064"
New Jersey,41,"2,215"
New Jersey,42,"2,053"
New Jersey,43,"2,159"
New Jersey,44,"1,988"
New Jersey,45,"2,004"
New Jersey,46,"2,026"
New Jersey,47,"1,858"
New Jersey,48,"1,817"
New Jersey,49,"1,792"
New Jersey,50,"1,709"
New Jersey,51,"1,581"
New Jersey,52,"1,668"
New Jersey,53,"1,616"
New Jersey,54,"1,583"
New Jersey,55,"1,666"
New Jersey,56,"1,576"
New Jersey,57,"1,650"
New Jersey,58,"1,633"
New Jersey,59,"1,463"
New Jersey,60,"1,464"
New Jersey,61,"1,450"
New Jersey,62,"1,311"
New Jersey,63,"1,365"
New Jersey,64,"1,074"
New Jersey,65,"1,140"
New Mexico,-11,408
New Mexico,-10,410
New Mexico,-9,388
New Mexico,-8,404
New Mexico,-7,370
New Mexico,-6,377
New Mexico,-5,382
New Mexico,-4,391
New Mexico,-3,396
New Mexico,-2,400
New Mexico,-1,342
New Mexico,0,390
New Mexico,1,365
New Mexico,2,399
New Mexico,3,410
New Mexico,4,422
New Mexico,5,407
New Mexico,6,420
New Mexico,7,442
New Mexico,8,474
New Mexico,9,396
New Mexico,10,433
New Mexico,11,448
New Mexico,12,445
New Mexico,13,416
New Mexico,14,399
New Mexico,15,448
New Mexico,16,407
New Mexico,17,401
New Mexico,18,435
New Mexico,19,407
New Mexico,20,433
New Mexico,21,394
New Mexico,22,411
New Mexico,23,397
New Mexico,24,376
New Mexico,25,398
New Mexico,26,398
New Mexico,27,399
New Mexico,28,388
New Mexico,29,389
New Mexico,30,406
New Mexico,31,433
New Mexico,32,460
New Mexico,33,519
New Mexico,34,577
New Mexico,35,587
New Mexico,36,601
New Mexico,37,662
New Mexico,38,686
New Mexico,39,662
New Mexico,40,625
New Mexico,41,606
New Mexico,42,581
New Mexico,43,529
New Mexico,44,528
New Mexico,45,479
New Mexico,46,462
New Mexico,47,461
New Mexico,48,432
New Mexico,49,453
New Mexico,50,441
New Mexico,51,398
New Mexico,52,437
New Mexico,53,423
New Mexico,54,420
New Mexico,55,402
New Mexico,56,408
New Mexico,57,387
New Mexico,58,360
New Mexico,59,380
New Mexico,60,398
New Mexico,61,365
New Mexico,62,351
New Mexico,63,320
New Mexico,64,248
New Mexico,65,207
New York,-11,"2,164"
New York,-10,"2,092"
New York,-9,"2,169"
New York,-8,"2,023"
New York,-7,"2,031"
New York,-6,"2,058"
New York,-5,"1,990"
New York,-4,"2,033"
New York,-3,"2,161"
New York,-2,"2,072"
New York,-1,"1,981"
New York,0,"2,130"
New York,1,"2,545"
New York,2,"3,777"
New York,3,"4,667"
New York,4,"4,466"
New York,5,"3,743"
New York,6,"3,130"
New York,7,"2,779"
New York,8,"2,508"
New York,9,"2,246"
New York,10,"2,115"
New York,11,"1,974"
New York,12,"1,899"
New York,13,"1,901"
New York,14,"1,931"
New York,15,"1,893"
New York,16,"1,893"
New York,17,"1,849"
New York,18,"1,814"
New York,19,"1,886"
New York,20,"1,877"
New York,21,"1,824"
New York,22,"1,876"
New York,23,"1,813"
New York,24,"1,797"
New York,25,"1,794"
New York,26,"1,880"
New York,27,"2,092"
New York,28,"1,983"
New York,29,"2,093"
New York,30,"1,940"
New York,31,"1,900"
New York,32,"2,010"
New York,33,"2,163"
New York,34,"2,064"
New York,35,"2,187"
New York,36,"2,305"
New York,37,"2,409"
New York,38,"2,639"
New York,39,"2,777"
New York,40,"2,930"
New York,41,"2,925"
New York,42,"3,041"
New York,43,"3,177"
New York,44,"2,962"
New York,45,"2,845"
New York,46,"2,827"
New York,47,"2,506"
New York,48,"2,457"
New York,49,"2,355"
New York,50,"2,195"
New York,51,"2,172"
New York,52,"2,110"
New York,53,"2,117"
New York,54,"1,999"
New York,55,"2,122"
New York,56,"2,018"
New York,57,"2,043"
New York,58,"2,031"
New York,59,"1,962"
New York,60,"1,919"
New York,61,"2,030"
New York,62,"1,899"
New York,63,"1,943"
New York,64,"1,716"
New York,65,"1,678"
New York City,-11,"1,155"
New York City,-10,"1,137"
New York City,-9,"1,129"
New York City,-8,"1,182"
New York City,-7,"1,171"
New York City,-6,"1,173"
New York City,-5,"1,130"
New York City,-4,"1,096"
New York City,-3,"1,110"
New York City,-2,"1,113"
New York City,-1,"1,136"
New York City,0,"1,405"
New York City,1,"2,805"
New York City,2,"6,293"
New York City,3,"7,862"
New York City,4,"5,899"
New York City,5,"4,051"
New York City,6,"2,846"
New York City,7,"2,072"
New York City,8,"1,603"
New York City,9,"1,310"
New York City,10,"1,166"
New York City,11,"1,114"
New York City,12,"1,097"
New York City,13,990
New York City,14,"1,073"
New York City,15,990
New York City,16,"1,027"
New York City,17,969
New York City,18,"1,020"
New York City,19,985
New York City,20,964
New York City,21,987
New York City,22,965
New York City,23,997
New York City,24,971
New York City,25,963
New York City,26,"1,006"
New York City,27,988
New York City,28,968
New York City,29,"1,015"
New York City,30,"1,045"
New York City,31,"1,039"
New York City,32,"1,066"
New York City,33,"1,154"
New York City,34,"1,094"
New York City,35,"1,101"
New York City,36,"1,070"
New York City,37,"1,160"
New York City,38,"1,233"
New York City,39,"1,340"
New York City,40,"1,428"
New York City,41,"1,414"
New York City,42,"1,507"
New York City,43,"1,490"
New York City,44,"1,578"
New York City,45,"1,598"
New York City,46,"1,565"
New York City,47,"1,622"
New York City,48,"1,557"
New York City,49,"1,549"
New York City,50,"1,447"
New York City,51,"1,424"
New York City,52,"1,369"
New York City,53,"1,441"
New York City,54,"1,378"
New York City,55,"1,320"
New York City,56,"1,174"
New York City,57,"1,254"
New York City,58,"1,163"
New York City,59,"1,127"
New York City,60,"1,161"
New York City,61,"1,137"
New York City,62,"1,005"
New York City,63,"1,042"
New York City,64,950
New York City,65,940
North Carolina,-11,"2,003"
North Carolina,-10,"1,984"
North Carolina,-9,"1,903"
North Carolina,-8,"1,994"
North Carolina,-7,"1,983"
North Carolina,-6,"2,053"
North Carolina,-5,"2,060"
North Carolina,-4,"1,925"
North Carolina,-3,"1,972"
North Carolina,-2,"2,032"
North Carolina,-1,"2,025"
North Carolina,0,"2,052"
North Carolina,1,"1,877"
North Carolina,2,"2,024"
North Carolina,3,"2,016"
North Carolina,4,"2,029"
North Carolina,5,"2,104"
North Carolina,6,"1,948"
North Carolina,7,"2,059"
North Carolina,8,"2,039"
North Carolina,9,"2,061"
North Carolina,10,"1,990"
North Carolina,11,"1,967"
North Carolina,12,"1,878"
North Carolina,13,"1,938"
North Carolina,14,"1,946"
North Carolina,15,"2,001"
North Carolina,16,"1,979"
North Carolina,17,"2,027"
North Carolina,18,"2,147"
North Carolina,19,"2,085"
North Carolina,20,"2,061"
North Carolina,21,"2,160"
North Carolina,22,"2,122"
North Carolina,23,"2,070"
North Carolina,24,"2,167"
North Carolina,25,"2,124"
North Carolina,26,"2,260"
North Carolina,27,"2,072"
North Carolina,28,"2,036"
North Carolina,29,"2,116"
North Carolina,30,"2,129"
North Carolina,31,"2,130"
North Carolina,32,"2,159"
North Carolina,33,"2,380"
North Carolina,34,"2,229"
North Carolina,35,"2,168"
North Carolina,36,"2,314"
North Carolina,37,"2,372"
North Carolina,38,"2,457"
North Carolina,39,"2,583"
North Carolina,40,"2,666"
North Carolina,41,"2,823"
North Carolina,42,"2,873"
North Carolina,43,"2,862"
North Carolina,44,"2,791"
North Carolina,45,"2,776"
North Carolina,46,866
North Carolina,47,523
North Carolina,48,510
North Carolina,49,474
North Carolina,50,357
North Carolina,51,409
North Carolina,52,436
North Carolina,53,411
North Carolina,54,425
North Carolina,55,404
North Carolina,56,401
North Carolina,57,419
North Carolina,58,431
North Carolina,59,428
North Carolina,60,445
North Carolina,61,378
North Carolina,62,319
North Carolina,63,368
North Carolina,64,342
North Carolina,65,184
North Dakota,-11,149
North Dakota,-10,151
North Dakota,-9,171
North Dakota,-8,147
North Dakota,-7,130
North Dakota,-6,138
North Dakota,-5,148
North Dakota,-4,176
North Dakota,-3,152
North Dakota,-2,171
North Dakota,-1,148
North Dakota,0,150
North Dakota,1,119
North Dakota,2,140
North Dakota,3,158
North Dakota,4,157
North Dakota,5,158
North Dakota,6,148
North Dakota,7,141
North Dakota,8,153
North Dakota,9,140
North Dakota,10,143
North Dakota,11,161
North Dakota,12,143
North Dakota,13,142
North Dakota,14,131
North Dakota,15,117
North Dakota,16,135
North Dakota,17,134
North Dakota,18,132
North Dakota,19,139
North Dakota,20,154
North Dakota,21,136
North Dakota,22,132
North Dakota,23,141
North Dakota,24,163
North Dakota,25,143
North Dakota,26,165
North Dakota,27,178
North Dakota,28,197
North Dakota,29,239
North Dakota,30,223
North Dakota,31,195
North Dakota,32,246
North Dakota,33,269
North Dakota,34,255
North Dakota,35,273
North Dakota,36,248
North Dakota,37,283
North Dakota,38,231
North Dakota,39,200
North Dakota,40,200
North Dakota,41,163
North Dakota,42,156
North Dakota,43,153
North Dakota,44,140
North Dakota,45,147
North Dakota,46,157
North Dakota,47,119
North Dakota,48,131
North Dakota,49,162
North Dakota,50,154
North Dakota,51,135
North Dakota,52,141
North Dakota,53,144
North Dakota,54,138
North Dakota,55,134
North Dakota,56,144
North Dakota,57,123
North Dakota,58,143
North Dakota,59,131
North Dakota,60,120
North Dakota,61,115
North Dakota,62,51
North Dakota,63,79
North Dakota,64,86
North Dakota,65,72
Ohio,-11,"2,541"
Ohio,-10,"2,616"
Ohio,-9,"2,477"
Ohio,-8,"2,564"
Ohio,-7,"2,493"
Ohio,-6,"2,533"
Ohio,-5,"2,495"
Ohio,-4,"2,527"
Ohio,-3,"2,461"
Ohio,-2,"2,509"
Ohio,-1,"2,555"
Ohio,0,"2,521"
Ohio,1,"2,511"
Ohio,2,"2,572"
Ohio,3,"2,632"
Ohio,4,"2,656"
Ohio,5,"2,835"
Ohio,6,"2,737"
Ohio,7,"2,616"
Ohio,8,"2,685"
Ohio,9,"2,664"
Ohio,10,"2,530"
Ohio,11,"2,597"
Ohio,12,"2,421"
Ohio,13,"2,404"
Ohio,14,"2,429"
Ohio,15,"2,529"
Ohio,16,"2,515"
Ohio,17,"2,537"
Ohio,18,"2,504"
Ohio,19,"2,621"
Ohio,20,"2,584"
Ohio,21,"2,588"
Ohio,22,"2,592"
Ohio,23,"2,650"
Ohio,24,"2,426"
Ohio,25,"2,557"
Ohio,26,"2,485"
Ohio,27,"2,630"
Ohio,28,"2,602"
Ohio,29,"2,665"
Ohio,30,"2,650"
Ohio,31,"2,691"
Ohio,32,"2,763"
Ohio,33,"3,028"
Ohio,34,"3,070"
Ohio,35,"3,256"
Ohio,36,"3,568"
Ohio,37,"3,910"
Ohio,38,"4,230"
Ohio,39,"4,066"
Ohio,40,"3,913"
Ohio,41,"3,903"
Ohio,42,"3,674"
Ohio,43,"3,576"
Ohio,44,"3,278"
Ohio,45,"3,124"
Ohio,46,"3,103"
Ohio,47,"2,945"
Ohio,48,"2,842"
Ohio,49,"2,768"
Ohio,50,"2,566"
Ohio,51,"2,541"
Ohio,52,"2,396"
Ohio,53,"2,477"
Ohio,54,"2,382"
Ohio,55,"2,538"
Ohio,56,"2,400"
Ohio,57,"2,549"
Ohio,58,"2,441"
Ohio,59,"2,371"
Ohio,60,"2,357"
Ohio,61,"2,475"
Ohio,62,"2,255"
Ohio,63,"2,123"
Ohio,64,"1,568"
Ohio,65,860
Oklahoma,-11,901
Oklahoma,-10,823
Oklahoma,-9,850
Oklahoma,-8,803
Oklahoma,-7,833
Oklahoma,-6,816
Oklahoma,-5,806
Oklahoma,-4,818
Oklahoma,-3,829
Oklahoma,-2,799
Oklahoma,-1,792
Oklahoma,0,827
Oklahoma,1,856
Oklahoma,2,784
Oklahoma,3,857
Oklahoma,4,799
Oklahoma,5,780
Oklahoma,6,759
Oklahoma,7,776
Oklahoma,8,733
Oklahoma,9,815
Oklahoma,10,740
Oklahoma,11,789
Oklahoma,12,770
Oklahoma,13,741
Oklahoma,14,765
Oklahoma,15,781
Oklahoma,16,768
Oklahoma,17,794
Oklahoma,18,904
Oklahoma,19,881
Oklahoma,20,814
Oklahoma,21,860
Oklahoma,22,877
Oklahoma,23,814
Oklahoma,24,828
Oklahoma,25,802
Oklahoma,26,793
Oklahoma,27,909
Oklahoma,28,851
Oklahoma,29,970
Oklahoma,30,862
Oklahoma,31,945
Oklahoma,32,"1,025"
Oklahoma,33,"1,028"
Oklahoma,34,"1,065"
Oklahoma,35,"1,148"
Oklahoma,36,"1,148"
Oklahoma,37,"1,321"
Oklahoma,38,"1,212"
Oklahoma,39,"1,281"
Oklahoma,40,"1,272"
Oklahoma,41,"1,337"
Oklahoma,42,"1,257"
Oklahoma,43,"1,299"
Oklahoma,44,"1,304"
Oklahoma,45,"1,167"
Oklahoma,46,"1,051"
Oklahoma,47,984
Oklahoma,48,"1,009"
Oklahoma,49,915
Oklahoma,50,873
Oklahoma,51,837
Oklahoma,52,764
Oklahoma,53,821
Oklahoma,54,771
Oklahoma,55,812
Oklahoma,56,767
Oklahoma,57,760
Oklahoma,58,706
Oklahoma,59,793
Oklahoma,60,731
Oklahoma,61,725
Oklahoma,62,690
Oklahoma,63,646
Oklahoma,64,618
Oklahoma,65,409
Oregon,-11,737
Oregon,-10,764
Oregon,-9,769
Oregon,-8,745
Oregon,-7,728
Oregon,-6,727
Oregon,-5,783
Oregon,-4,733
Oregon,-3,735
Oregon,-2,788
Oregon,-1,746
Oregon,0,775
Oregon,1,768
Oregon,2,778
Oregon,3,769
Oregon,4,765
Oregon,5,770
Oregon,6,714
Oregon,7,703
Oregon,8,716
Oregon,9,744
Oregon,10,748
Oregon,11,683
Oregon,12,727
Oregon,13,731
Oregon,14,689
Oregon,15,760
Oregon,16,713
Oregon,17,759
Oregon,18,740
Oregon,19,719
Oregon,20,768
Oregon,21,777
Oregon,22,789
Oregon,23,749
Oregon,24,707
Oregon,25,737
Oregon,26,790
Oregon,27,730
Oregon,28,733
Oregon,29,761
Oregon,30,713
Oregon,31,763
Oregon,32,782
Oregon,33,835
Oregon,34,838
Oregon,35,835
Oregon,36,880
Oregon,37,936
Oregon,38,941
Oregon,39,979
Oregon,40,878
Oregon,41,904
Oregon,42,885
Oregon,43,888
Oregon,44,852
Oregon,45,835
Oregon,46,835
Oregon,47,791
Oregon,48,812
Oregon,49,799
Oregon,50,791
Oregon,51,778
Oregon,52,822
Oregon,53,799
Oregon,54,807
Oregon,55,778
Oregon,56,736
Oregon,57,783
Oregon,58,764
Oregon,59,760
Oregon,60,785
Oregon,61,777
Oregon,62,691
Oregon,63,660
Oregon,64,537
Oregon,65,324
Pennsylvania,-11,"2,785"
Pennsylvania,-10,"2,849"
Pennsylvania,-9,"2,862"
Pennsylvania,-8,"2,795"
Pennsylvania,-7,"2,810"
Pennsylvania,-6,"2,787"
Pennsylvania,-5,"2,811"
Pennsylvania,-4,"2,704"
Pennsylvania,-3,"2,774"
Pennsylvania,-2,"2,787"
Pennsylvania,-1,"2,833"
Pennsylvania,0,"2,603"
Pennsylvania,1,"2,735"
Pennsylvania,2,"3,004"
Pennsylvania,3,"3,453"
Pennsylvania,4,"3,743"
Pennsylvania,5,"3,823"
Pennsylvania,6,"3,564"
Pennsylvania,7,"3,439"
Pennsylvania,8,"3,284"
Pennsylvania,9,"2,977"
Pennsylvania,10,"2,792"
Pennsylvania,11,"2,730"
Pennsylvania,12,"2,573"
Pennsylvania,13,"2,624"
Pennsylvania,14,"2,561"
Pennsylvania,15,"2,595"
Pennsylvania,16,"2,677"
Pennsylvania,17,"2,560"
Pennsylvania,18,"2,535"
Pennsylvania,19,"2,645"
Pennsylvania,20,"2,540"
Pennsylvania,21,"2,661"
Pennsylvania,22,"2,634"
Pennsylvania,23,"2,589"
Pennsylvania,24,"2,604"
Pennsylvania,25,"2,619"
Pennsylvania,26,"2,618"
Pennsylvania,27,"2,678"
Pennsylvania,28,"2,681"
Pennsylvania,29,"2,769"
Pennsylvania,30,"2,669"
Pennsylvania,31,"2,766"
Pennsylvania,32,"2,758"
Pennsylvania,33,"2,984"
Pennsylvania,34,"3,123"
Pennsylvania,35,"3,355"
Pennsylvania,36,"3,659"
Pennsylvania,37,"3,903"
Pennsylvania,38,"4,355"
Pennsylvania,39,"4,456"
Pennsylvania,40,"4,490"
Pennsylvania,41,"4,423"
Pennsylvania,42,"4,001"
Pennsylvania,43,"3,885"
Pennsylvania,44,"3,844"
Pennsylvania,45,"3,583"
Pennsylvania,46,"3,390"
Pennsylvania,47,"3,228"
Pennsylvania,48,"3,113"
Pennsylvania,49,"2,886"
Pennsylvania,50,"2,756"
Pennsylvania,51,"2,694"
Pennsylvania,52,"2,793"
Pennsylvania,53,"2,682"
Pennsylvania,54,"2,605"
Pennsylvania,55,"2,757"
Pennsylvania,56,"2,825"
Pennsylvania,57,"2,764"
Pennsylvania,58,"2,661"
Pennsylvania,59,"2,701"
Pennsylvania,60,"2,670"
Pennsylvania,61,"2,647"
Pennsylvania,62,"2,480"
Pennsylvania,63,"2,541"
Pennsylvania,64,"2,277"
Pennsylvania,65,"1,954"
Rhode Island,-11,225
Rhode Island,-10,201
Rhode Island,-9,204
Rhode Island,-8,199
Rhode Island,-7,220
Rhode Island,-6,244
Rhode Island,-5,183
Rhode Island,-4,206
Rhode Island,-3,235
Rhode Island,-2,251
Rhode Island,-1,196
Rhode Island,0,220
Rhode Island,1,200
Rhode Island,2,236
Rhode Island,3,246
Rhode Island,4,273
Rhode Island,5,297
Rhode Island,6,332
Rhode Island,7,381
Rhode Island,8,303
Rhode Island,9,279
Rhode Island,10,254
Rhode Island,11,241
Rhode Island,12,209
Rhode Island,13,237
Rhode Island,14,200
Rhode Island,15,177
Rhode Island,16,190
Rhode Island,17,190
Rhode Island,18,173
Rhode Island,19,200
Rhode Island,20,209
Rhode Island,21,211
Rhode Island,22,198
Rhode Island,23,187
Rhode Island,24,207
Rhode Island,25,190
Rhode Island,26,194
Rhode Island,27,208
Rhode Island,28,218
Rhode Island,29,214
Rhode Island,30,214
Rhode Island,31,196
Rhode Island,32,204
Rhode Island,33,228
Rhode Island,34,235
Rhode Island,35,226
Rhode Island,36,268
Rhode Island,37,289
Rhode Island,38,325
Rhode Island,39,329
Rhode Island,40,302
Rhode Island,41,284
Rhode Island,42,295
Rhode Island,43,295
Rhode Island,44,309
Rhode Island,45,263
Rhode Island,46,269
Rhode Island,47,248
Rhode Island,48,222
Rhode Island,49,226
Rhode Island,50,227
Rhode Island,51,240
Rhode Island,52,209
Rhode Island,53,207
Rhode Island,54,194
Rhode Island,55,215
Rhode Island,56,189
Rhode Island,57,196
Rhode Island,58,205
Rhode Island,59,210
Rhode Island,60,236
Rhode Island,61,183
Rhode Island,62,168
Rhode Island,63,148
Rhode Island,64,95
Rhode Island,65,29
South Carolina,-11,"1,085"
South Carolina,-10,"1,081"
South Carolina,-9,"1,048"
South Carolina,-8,"1,033"
South Carolina,-7,"1,032"
South Carolina,-6,"1,096"
South Carolina,-5,"1,003"
South Carolina,-4,"1,035"
South Carolina,-3,"1,044"
South Carolina,-2,"1,133"
South Carolina,-1,"1,103"
South Carolina,0,"1,067"
South Carolina,1,"1,039"
South Carolina,2,"1,048"
South Carolina,3,"1,138"
South Carolina,4,"1,049"
South Carolina,5,"1,023"
South Carolina,6,"1,033"
South Carolina,7,"1,060"
South Carolina,8,"1,110"
South Carolina,9,"1,046"
South Carolina,10,"1,048"
South Carolina,11,"1,037"
South Carolina,12,"1,079"
South Carolina,13,"1,052"
South Carolina,14,"1,099"
South Carolina,15,"1,197"
South Carolina,16,"1,218"
South Carolina,17,"1,335"
South Carolina,18,"1,352"
South Carolina,19,"1,329"
South Carolina,20,"1,368"
South Carolina,21,"1,319"
South Carolina,22,"1,181"
South Carolina,23,"1,240"
South Carolina,24,"1,243"
South Carolina,25,"1,186"
South Carolina,26,"1,142"
South Carolina,27,"1,152"
South Carolina,28,"1,142"
South Carolina,29,"1,133"
South Carolina,30,"1,062"
South Carolina,31,"1,147"
South Carolina,32,"1,225"
South Carolina,33,"1,185"
South Carolina,34,"1,138"
South Carolina,35,"1,192"
South Carolina,36,"1,214"
South Carolina,37,"1,287"
South Carolina,38,"1,281"
South Carolina,39,"1,367"
South Carolina,40,"1,420"
South Carolina,41,"1,496"
South Carolina,42,"1,380"
South Carolina,43,975
South Carolina,44,893
South Carolina,45,"1,554"
South Carolina,46,"1,499"
South Carolina,47,"1,367"
South Carolina,48,"1,248"
South Carolina,49,"1,236"
South Carolina,50,"1,193"
South Carolina,51,"1,164"
South Carolina,52,"1,048"
South Carolina,53,"1,099"
South Carolina,54,990
South Carolina,55,"1,083"
South Carolina,56,943
South Carolina,57,"1,039"
South Carolina,58,"1,084"
South Carolina,59,849
South Carolina,60,973
South Carolina,61,896
South Carolina,62,902
South Carolina,63,512
South Carolina,64,263
South Carolina,65,411
South Dakota,-11,170
South Dakota,-10,170
South Dakota,-9,168
South Dakota,-8,151
South Dakota,-7,162
South Dakota,-6,150
South Dakota,-5,178
South Dakota,-4,177
South Dakota,-3,163
South Dakota,-2,194
South Dakota,-1,166
South Dakota,0,162
South Dakota,1,149
South Dakota,2,170
South Dakota,3,150
South Dakota,4,154
South Dakota,5,176
South Dakota,6,159
South Dakota,7,181
South Dakota,8,147
South Dakota,9,162
South Dakota,10,157
South Dakota,11,147
South Dakota,12,159
South Dakota,13,176
South Dakota,14,163
South Dakota,15,160
South Dakota,16,172
South Dakota,17,158
South Dakota,18,173
South Dakota,19,151
South Dakota,20,187
South Dakota,21,162
South Dakota,22,169
South Dakota,23,189
South Dakota,24,209
South Dakota,25,182
South Dakota,26,181
South Dakota,27,191
South Dakota,28,206
South Dakota,29,215
South Dakota,30,201
South Dakota,31,243
South Dakota,32,243
South Dakota,33,356
South Dakota,34,343
South Dakota,35,335
South Dakota,36,335
South Dakota,37,305
South Dakota,38,283
South Dakota,39,236
South Dakota,40,206
South Dakota,41,211
South Dakota,42,219
South Dakota,43,188
South Dakota,44,189
South Dakota,45,203
South Dakota,46,188
South Dakota,47,180
South Dakota,48,167
South Dakota,49,179
South Dakota,50,168
South Dakota,51,184
South Dakota,52,155
South Dakota,53,165
South Dakota,54,151
South Dakota,55,142
South Dakota,56,171
South Dakota,57,167
South Dakota,58,151
South Dakota,59,168
South Dakota,60,157
South Dakota,61,145
South Dakota,62,127
South Dakota,63,127
South Dakota,64,124
South Dakota,65,76
Tennessee,-11,"1,614"
Tennessee,-10,"1,687"
Tennessee,-9,"1,597"
Tennessee,-8,"1,532"
Tennessee,-7,"1,591"
Tennessee,-6,"1,612"
Tennessee,-5,"1,454"
Tennessee,-4,"1,516"
Tennessee,-3,"1,504"
Tennessee,-2,"1,611"
Tennessee,-1,"1,601"
Tennessee,0,"1,526"
Tennessee,1,"1,528"
Tennessee,2,"1,593"
Tennessee,3,"1,514"
Tennessee,4,"1,541"
Tennessee,5,"1,483"
Tennessee,6,"1,495"
Tennessee,7,"1,492"
Tennessee,8,"1,544"
Tennessee,9,"1,557"
Tennessee,10,"1,467"
Tennessee,11,"1,485"
Tennessee,12,"1,500"
Tennessee,13,"1,570"
Tennessee,14,"1,562"
Tennessee,15,"1,533"
Tennessee,16,"1,634"
Tennessee,17,"1,650"
Tennessee,18,"1,710"
Tennessee,19,"1,713"
Tennessee,20,"1,707"
Tennessee,21,"1,678"
Tennessee,22,"1,687"
Tennessee,23,"1,709"
Tennessee,24,"1,624"
Tennessee,25,"1,727"
Tennessee,26,"1,620"
Tennessee,27,"1,743"
Tennessee,28,"1,732"
Tennessee,29,"1,769"
Tennessee,30,"1,784"
Tennessee,31,"1,788"
Tennessee,32,"1,841"
Tennessee,33,"1,815"
Tennessee,34,"1,935"
Tennessee,35,"2,001"
Tennessee,36,"1,919"
Tennessee,37,"2,200"
Tennessee,38,"2,188"
Tennessee,39,"2,174"
Tennessee,40,"2,361"
Tennessee,41,"2,365"
Tennessee,42,"2,423"
Tennessee,43,"2,305"
Tennessee,44,"2,283"
Tennessee,45,"2,078"
Tennessee,46,"1,943"
Tennessee,47,"1,768"
Tennessee,48,"1,788"
Tennessee,49,"1,745"
Tennessee,50,"1,656"
Tennessee,51,"1,594"
Tennessee,52,"1,566"
Tennessee,53,"1,644"
Tennessee,54,"1,557"
Tennessee,55,"1,678"
Tennessee,56,"1,605"
Tennessee,57,"1,661"
Tennessee,58,"1,621"
Tennessee,59,"1,619"
Tennessee,60,"1,606"
Tennessee,61,"1,512"
Tennessee,62,"1,469"
Tennessee,63,"1,431"
Tennessee,64,"1,421"
Tennessee,65,"1,026"
Texas,-11,"4,325"
Texas,-10,"4,564"
Texas,-9,"4,250"
Texas,-8,"4,128"
Texas,-7,"4,174"
Texas,-6,"4,322"
Texas,-5,"4,343"
Texas,-4,"4,221"
Texas,-3,"4,146"
Texas,-2,"4,172"
Texas,-1,"4,169"
Texas,0,"4,256"
Texas,1,"4,259"
Texas,2,"4,186"
Texas,3,"4,266"
Texas,4,"4,294"
Texas,5,"4,464"
Texas,6,"4,263"
Texas,7,"4,278"
Texas,8,"4,280"
Texas,9,"4,255"
Texas,10,"4,156"
Texas,11,"4,229"
Texas,12,"4,396"
Texas,13,"4,509"
Texas,14,"4,566"
Texas,15,"5,036"
Texas,16,"5,771"
Texas,17,"6,264"
Texas,18,"6,308"
Texas,19,"5,953"
Texas,20,"5,712"
Texas,21,"5,782"
Texas,22,"5,033"
Texas,23,"5,137"
Texas,24,"4,942"
Texas,25,"4,654"
Texas,26,"4,600"
Texas,27,"4,543"
Texas,28,"4,589"
Texas,29,"4,719"
Texas,30,"4,535"
Texas,31,"4,813"
Texas,32,"5,163"
Texas,33,"5,399"
Texas,34,"5,441"
Texas,35,"5,430"
Texas,36,"5,595"
Texas,37,"5,637"
Texas,38,"6,056"
Texas,39,"6,184"
Texas,40,"6,133"
Texas,41,"6,542"
Texas,42,"6,965"
Texas,43,"7,197"
Texas,44,"6,987"
Texas,45,"6,631"
Texas,46,"6,229"
Texas,47,"5,883"
Texas,48,"6,393"
Texas,49,"5,642"
Texas,50,"5,170"
Texas,51,"4,908"
Texas,52,"4,583"
Texas,53,"4,533"
Texas,54,"4,391"
Texas,55,"4,538"
Texas,56,"4,250"
Texas,57,"4,486"
Texas,58,"4,354"
Texas,59,"4,276"
Texas,60,"4,253"
Texas,61,"4,073"
Texas,62,"4,007"
Texas,63,"3,760"
Texas,64,"3,333"
Texas,65,"2,187"
Utah,-11,392
Utah,-10,438
Utah,-9,409
Utah,-8,390
Utah,-7,364
Utah,-6,395
Utah,-5,414
Utah,-4,368
Utah,-3,417
Utah,-2,427
Utah,-1,406
Utah,0,412
Utah,1,395
Utah,2,408
Utah,3,382
Utah,4,388
Utah,5,410
Utah,6,381
Utah,7,372
Utah,8,403
Utah,9,374
Utah,10,390
Utah,11,410
Utah,12,388
Utah,13,402
Utah,14,388
Utah,15,438
Utah,16,407
Utah,17,435
Utah,18,437
Utah,19,435
Utah,20,449
Utah,21,450
Utah,22,422
Utah,23,377
Utah,24,367
Utah,25,382
Utah,26,400
Utah,27,440
Utah,28,393
Utah,29,443
Utah,30,424
Utah,31,442
Utah,32,460
Utah,33,453
Utah,34,482
Utah,35,544
Utah,36,487
Utah,37,538
Utah,38,552
Utah,39,545
Utah,40,502
Utah,41,486
Utah,42,533
Utah,43,484
Utah,44,495
Utah,45,502
Utah,46,466
Utah,47,450
Utah,48,428
Utah,49,379
Utah,50,415
Utah,51,411
Utah,52,395
Utah,53,391
Utah,54,403
Utah,55,379
Utah,56,370
Utah,57,391
Utah,58,427
Utah,59,385
Utah,60,379
Utah,61,404
Utah,62,432
Utah,63,387
Utah,64,377
Utah,65,356
Vermont,-11,92
Vermont,-10,102
Vermont,-9,125
Vermont,-8,119
Vermont,-7,105
Vermont,-6,112
Vermont,-5,126
Vermont,-4,107
Vermont,-3,146
Vermont,-2,137
Vermont,-1,140
Vermont,0,135
Vermont,1,106
Vermont,2,130
Vermont,3,109
Vermont,4,129
Vermont,5,138
Vermont,6,121
Vermont,7,112
Vermont,8,103
Vermont,9,103
Vermont,10,131
Vermont,11,116
Vermont,12,115
Vermont,13,90
Vermont,14,124
Vermont,15,91
Vermont,16,112
Vermont,17,104
Vermont,18,115
Vermont,19,103
Vermont,20,123
Vermont,21,104
Vermont,22,117
Vermont,23,100
Vermont,24,113
Vermont,25,126
Vermont,26,113
Vermont,27,120
Vermont,28,106
Vermont,29,118
Vermont,30,120
Vermont,31,122
Vermont,32,117
Vermont,33,112
Vermont,34,144
Vermont,35,106
Vermont,36,123
Vermont,37,146
Vermont,38,113
Vermont,39,124
Vermont,40,150
Vermont,41,138
Vermont,42,108
Vermont,43,149
Vermont,44,124
Vermont,45,114
Vermont,46,137
Vermont,47,113
Vermont,48,153
Vermont,49,168
Vermont,50,108
Vermont,51,129
Vermont,52,104
Vermont,53,122
Vermont,54,102
Vermont,55,104
Vermont,56,109
Vermont,57,138
Vermont,58,136
Vermont,59,102
Vermont,60,127
Vermont,61,123
Vermont,62,97
Vermont,63,84
Vermont,64,94
Vermont,65,83
Virginia,-11,"1,438"
Virginia,-10,"1,562"
Virginia,-9,"1,466"
Virginia,-8,"1,459"
Virginia,-7,"1,479"
Virginia,-6,"1,524"
Virginia,-5,"1,377"
Virginia,-4,"1,444"
Virginia,-3,"1,388"
Virginia,-2,"1,480"
Virginia,-1,"1,435"
Virginia,0,"1,455"
Virginia,1,"1,517"
Virginia,2,"1,467"
Virginia,3,"1,619"
Virginia,4,"1,602"
Virginia,5,"1,633"
Virginia,6,"1,669"
Virginia,7,"1,593"
Virginia,8,"1,565"
Virginia,9,"1,464"
Virginia,10,"1,443"
Virginia,11,"1,410"
Virginia,12,"1,422"
Virginia,13,"1,292"
Virginia,14,"1,456"
Virginia,15,"1,394"
Virginia,16,"1,488"
Virginia,17,"1,390"
Virginia,18,"1,463"
Virginia,19,"1,455"
Virginia,20,"1,513"
Virginia,21,"1,457"
Virginia,22,"1,454"
Virginia,23,"1,458"
Virginia,24,"1,486"
Virginia,25,"1,469"
Virginia,26,"1,459"
Virginia,27,"1,484"
Virginia,28,"1,516"
Virginia,29,"1,478"
Virginia,30,"1,448"
Virginia,31,"1,496"
Virginia,32,"1,546"
Virginia,33,"1,652"
Virginia,34,"1,513"
Virginia,35,"1,614"
Virginia,36,"1,595"
Virginia,37,"1,629"
Virginia,38,"1,795"
Virginia,39,"1,868"
Virginia,40,"1,901"
Virginia,41,"2,016"
Virginia,42,"2,015"
Virginia,43,"2,064"
Virginia,44,"2,123"
Virginia,45,"1,957"
Virginia,46,"2,002"
Virginia,47,"1,799"
Virginia,48,"1,737"
Virginia,49,"1,708"
Virginia,50,"1,589"
Virginia,51,"1,547"
Virginia,52,"1,523"
Virginia,53,"1,528"
Virginia,54,"1,362"
Virginia,55,"1,567"
Virginia,56,"1,426"
Virginia,57,"1,485"
Virginia,58,"1,485"
Virginia,59,"1,471"
Virginia,60,"1,450"
Virginia,61,"1,365"
Virginia,62,"1,378"
Virginia,63,"1,349"
Virginia,64,"1,251"
Virginia,65,867
Washington,-11,"1,183"
Washington,-10,"1,246"
Washington,-9,"1,221"
Washington,-8,"1,192"
Washington,-7,"1,200"
Washington,-6,"1,180"
Washington,-5,"1,179"
Washington,-4,"1,115"
Washington,-3,"1,135"
Washington,-2,"1,208"
Washington,-1,"1,165"
Washington,0,"1,224"
Washington,1,"1,294"
Washington,2,"1,305"
Washington,3,"1,304"
Washington,4,"1,251"
Washington,5,"1,231"
Washington,6,"1,157"
Washington,7,"1,211"
Washington,8,"1,138"
Washington,9,"1,114"
Washington,10,"1,058"
Washington,11,"1,054"
Washington,12,"1,101"
Washington,13,"1,133"
Washington,14,"1,084"
Washington,15,"1,126"
Washington,16,"1,162"
Washington,17,"1,180"
Washington,18,"1,180"
Washington,19,"1,229"
Washington,20,"1,234"
Washington,21,"1,174"
Washington,22,"1,199"
Washington,23,"1,118"
Washington,24,"1,240"
Washington,25,"1,146"
Washington,26,"1,178"
Washington,27,"1,168"
Washington,28,"1,143"
Washington,29,"1,162"
Washington,30,"1,149"
Washington,31,"1,195"
Washington,32,"1,194"
Washington,33,"1,274"
Washington,34,"1,313"
Washington,35,"1,325"
Washington,36,"1,246"
Washington,37,"1,354"
Washington,38,"1,412"
Washington,39,"1,381"
Washington,40,"1,392"
Washington,41,"1,348"
Washington,42,"1,426"
Washington,43,"1,390"
Washington,44,"1,306"
Washington,45,"1,327"
Washington,46,"1,341"
Washington,47,"1,234"
Washington,48,"1,251"
Washington,49,"1,228"
Washington,50,"1,237"
Washington,51,"1,188"
Washington,52,"1,160"
Washington,53,"1,208"
Washington,54,"1,173"
Washington,55,"1,206"
Washington,56,"1,187"
Washington,57,"1,202"
Washington,58,"1,215"
Washington,59,"1,197"
Washington,60,"1,169"
Washington,61,"1,132"
Washington,62,"1,167"
Washington,63,"1,164"
Washington,64,854
Washington,65,267
West Virginia,-11,474
West Virginia,-10,494
West Virginia,-9,520
West Virginia,-8,442
West Virginia,-7,482
West Virginia,-6,482
West Virginia,-5,478
West Virginia,-4,467
West Virginia,-3,460
West Virginia,-2,483
West Virginia,-1,475
West Virginia,0,470
West Virginia,1,491
West Virginia,2,467
West Virginia,3,523
West Virginia,4,419
West Virginia,5,460
West Virginia,6,482
West Virginia,7,449
West Virginia,8,477
West Virginia,9,440
West Virginia,10,412
West Virginia,11,409
West Virginia,12,458
West Virginia,13,419
West Virginia,14,464
West Virginia,15,425
West Virginia,16,436
West Virginia,17,426
West Virginia,18,501
West Virginia,19,474
West Virginia,20,494
West Virginia,21,462
West Virginia,22,497
West Virginia,23,442
West Virginia,24,460
West Virginia,25,468
West Virginia,26,484
West Virginia,27,495
West Virginia,28,424
West Virginia,29,500
West Virginia,30,455
West Virginia,31,471
West Virginia,32,485
West Virginia,33,531
West Virginia,34,554
West Virginia,35,524
West Virginia,36,569
West Virginia,37,636
West Virginia,38,647
West Virginia,39,695
West Virginia,40,669
West Virginia,41,722
West Virginia,42,687
West Virginia,43,639
West Virginia,44,596
West Virginia,45,602
West Virginia,46,564
West Virginia,47,545
West Virginia,48,485
West Virginia,49,469
West Virginia,50,462
West Virginia,51,448
West Virginia,52,449
West Virginia,53,423
West Virginia,54,283
West Virginia,55,69
West Virginia,56,45
West Virginia,57,30
West Virginia,58,40
West Virginia,59,41
West Virginia,60,32
West Virginia,61,23
West Virginia,62,20
West Virginia,63,17
West Virginia,64,
West Virginia,65,
Wisconsin,-11,"1,118"
Wisconsin,-10,"1,060"
Wisconsin,-9,"1,133"
Wisconsin,-8,"1,086"
Wisconsin,-7,"1,176"
Wisconsin,-6,"1,056"
Wisconsin,-5,"1,125"
Wisconsin,-4,"1,162"
Wisconsin,-3,"1,136"
Wisconsin,-2,"1,116"
Wisconsin,-1,"1,105"
Wisconsin,0,"1,115"
Wisconsin,1,"1,146"
Wisconsin,2,"1,221"
Wisconsin,3,"1,171"
Wisconsin,4,"1,152"
Wisconsin,5,"1,026"
Wisconsin,6,"1,162"
Wisconsin,7,"1,080"
Wisconsin,8,"1,022"
Wisconsin,9,"1,078"
Wisconsin,10,"1,139"
Wisconsin,11,"1,043"
Wisconsin,12,"1,026"
Wisconsin,13,"1,085"
Wisconsin,14,"1,034"
Wisconsin,15,"1,066"
Wisconsin,16,"1,049"
Wisconsin,17,"1,039"
Wisconsin,18,"1,101"
Wisconsin,19,"1,057"
Wisconsin,20,"1,099"
Wisconsin,21,"1,126"
Wisconsin,22,"1,061"
Wisconsin,23,"1,082"
Wisconsin,24,"1,039"
Wisconsin,25,"1,066"
Wisconsin,26,"1,140"
Wisconsin,27,"1,102"
Wisconsin,28,"1,157"
Wisconsin,29,"1,163"
Wisconsin,30,"1,244"
Wisconsin,31,"1,387"
Wisconsin,32,"1,454"
Wisconsin,33,"1,601"
Wisconsin,34,"1,716"
Wisconsin,35,"1,657"
Wisconsin,36,"1,636"
Wisconsin,37,"1,652"
Wisconsin,38,"1,569"
Wisconsin,39,"1,500"
Wisconsin,40,"1,404"
Wisconsin,41,"1,403"
Wisconsin,42,"1,378"
Wisconsin,43,"1,257"
Wisconsin,44,"1,276"
Wisconsin,45,"1,190"
Wisconsin,46,"1,156"
Wisconsin,47,"1,144"
Wisconsin,48,"1,125"
Wisconsin,49,"1,104"
Wisconsin,50,"1,074"
Wisconsin,51,"1,054"
Wisconsin,52,994
Wisconsin,53,"1,025"
Wisconsin,54,978
Wisconsin,55,"1,058"
Wisconsin,56,984
Wisconsin,57,"1,069"
Wisconsin,58,"1,018"
Wisconsin,59,"1,015"
Wisconsin,60,988
Wisconsin,61,"1,009"
Wisconsin,62,998
Wisconsin,63,"1,018"
Wisconsin,64,976
Wisconsin,65,771
Wyoming,-11,144
Wyoming,-10,81
Wyoming,-9,103
Wyoming,-8,96
Wyoming,-7,94
Wyoming,-6,97
Wyoming,-5,75
Wyoming,-4,101
Wyoming,-3,100
Wyoming,-2,80
Wyoming,-1,85
Wyoming,0,117
Wyoming,1,88
Wyoming,2,123
Wyoming,3,102
Wyoming,4,89
Wyoming,5,98
Wyoming,6,68
Wyoming,7,83
Wyoming,8,101
Wyoming,9,96
Wyoming,10,84
Wyoming,11,105
Wyoming,12,96
Wyoming,13,93
Wyoming,14,89
Wyoming,15,102
Wyoming,16,104
Wyoming,17,101
Wyoming,18,95
Wyoming,19,90
Wyoming,20,106
Wyoming,21,113
Wyoming,22,100
Wyoming,23,89
Wyoming,24,107
Wyoming,25,121
Wyoming,26,94
Wyoming,27,112
Wyoming,28,119
Wyoming,29,102
Wyoming,30,107
Wyoming,31,131
Wyoming,32,114
Wyoming,33,136
Wyoming,34,132
Wyoming,35,135
Wyoming,36,138
Wyoming,37,123
Wyoming,38,143
Wyoming,39,165
Wyoming,40,130
Wyoming,41,129
Wyoming,42,127
Wyoming,43,110
Wyoming,44,111
Wyoming,45,118
Wyoming,46,112
Wyoming,47,102
Wyoming,48,110
Wyoming,49,102
Wyoming,50,86
Wyoming,51,104
Wyoming,52,84
Wyoming,53,109
Wyoming,54,86
Wyoming,55,91
Wyoming,56,76
Wyoming,57,97
Wyoming,58,88
Wyoming,59,90
Wyoming,60,88
Wyoming,61,93
Wyoming,62,95
Wyoming,63,95
Wyoming,64,90
Wyoming,65,55
Puerto Rico,-11,555
Puerto Rico,-10,594
Puerto Rico,-9,663
Puerto Rico,-8,630
Puerto Rico,-7,586
Puerto Rico,-6,606
Puerto Rico,-5,621
Puerto Rico,-4,613
Puerto Rico,-3,624
Puerto Rico,-2,619
Puerto Rico,-1,607
Puerto Rico,0,625
Puerto Rico,1,646
Puerto Rico,2,584
Puerto Rico,3,599
Puerto Rico,4,565
Puerto Rico,5,547
Puerto Rico,6,548
Puerto Rico,7,570
Puerto Rico,8,547
Puerto Rico,9,563
Puerto Rico,10,570
Puerto Rico,11,588
Puerto Rico,12,571
Puerto Rico,13,591
Puerto Rico,14,542
Puerto Rico,15,556
Puerto Rico,16,601
Puerto Rico,17,599
Puerto Rico,18,610
Puerto Rico,19,654
Puerto Rico,20,658
Puerto Rico,21,668
Puerto Rico,22,694
Puerto Rico,23,607
Puerto Rico,24,641
Puerto Rico,25,633
Puerto Rico,26,625
Puerto Rico,27,628
Puerto Rico,28,595
Puerto Rico,29,649
Puerto Rico,30,613
Puerto Rico,31,600
Puerto Rico,32,621
Puerto Rico,33,628
Puerto Rico,34,630
Puerto Rico,35,689
Puerto Rico,36,693
Puerto Rico,37,687
Puerto Rico,38,687
Puerto Rico,39,721
Puerto Rico,40,689
Puerto Rico,41,698
Puerto Rico,42,704
Puerto Rico,43,645
Puerto Rico,44,639
Puerto Rico,45,674
Puerto Rico,46,616
Puerto Rico,47,636
Puerto Rico,48,610
Puerto Rico,49,580
Puerto Rico,50,593
Puerto Rico,51,559
Puerto Rico,52,574
Puerto Rico,53,583
Puerto Rico,54,537
Puerto Rico,55,502
Puerto Rico,56,518
Puerto Rico,57,494
Puerto Rico,58,441
Puerto Rico,59,421
Puerto Rico,60,371
Puerto Rico,61,368
Puerto Rico,62,320
Puerto Rico,63,268
Puerto Rico,64,175
Puerto Rico,65,110
